CLAVE,DESCRIPCION,
RAMAP/C4,"RANURADORA MANUAL PARA CORTE DE TUBO DE 4""",
SOPT2A24,"SOPORTE AJUSTABLE PARA TUBO MODELO 224 51 X 610 MM. (2"" A 24"")",
CP4F905,"COPLE PARA TUBO DE HDPE VICTAULIC FIGURA 905 DE 102 MM. (4"")",
CP6F905,"COPLE PARA TUBO DE HDPE VICTAULIC FIGURA 905 DE 152 MM. (6"")",
CP4F995,"COPLE PARA TUBO DE HDPE VICTAULIC FIGURA 995 DE 102 MM. (4"")",
CP3F995,"COPLE PARA TUBO DE HDPE VICTAULIC FIGURA 995 DE 076 MM. (3"")",
CP6F995,"COPLE PARA TUBO DE HDPE VICTAULIC FIGURA 995 DE 152 MM. (6"")",
CP12F995,"COPLE PARA TUBO DE HDPE VICTAULIC FIGURA 995 DE 305 MM. (12"")",
CP2F995,"COPLE PARA TUBO DE HDPE VICTAULIC FIGURA 995 DE 051 MM. (2"")",
CP8F995,"COPLE PARA TUBO DE HDPE VICTAULIC FIGURA 995 DE 203 MM. (8"")",
TSC480TM,"COD. ART. R03430001 TUBO DE ACERO AL CARBON SIN COSTURA 114.3 X 08.6 MM. (4"" CED. 80)",
TSC3/480TM,"TUBO DE ACERO AL CARBON SIN COSTURA DE 026.7 X 03.9 MM  (3/4"" CED.80)",
TSC2XXSTM,"COD. ART. R92180001 TUBO DE ACERO AL CARBON SIN COSTURA ASTM A 106 GR.B DE 2"" DIAM. ( CED. XXS)",
TSC240TM,"COD. ART.  R01660002 TUBO DE ACERO AL CARBON SIN COSTURA 060.3 X 03.9 MM. (2"" CED. 40) ASTM A53",
TSC11/240AI316TM,"TUBO A/INOX. S/COSTURA T-316 DE 048.3 X 03.7 MM. (1 1/2"" CED. 40)",
TCC860X-52,"TUBO DE ACERO AL CARBON CON COSTURA DE 219.1 X 10.3 MM (8"" CED. 60)",
TCC11/280TM,"COD. ART. R03690001 TUBO DE ACERO AL CARBON CON COSTURA CED. 80 ASTM-A-53 GR. A DE 1 1/2"" DE DIAMETRO",
TCC340TM,"COD. ART. TUBO DE ACERO AL CARBON CON COSTURA CED. 40 ASTM-A-53 GR. A DE 3"" DE DIAMETRO",
TCC810RA,"TUBO DE A/C C/C DE 219.1 X 04.7 MM. RAN. (8"" CED. 10) UL FM",
TCC11/410RA,"TUBO DE A/C C/C DE 042.2 X 02.8 MM. RAN. (1 1/4"" CED. 10) ALLIED",
TCC11/210RA,"TUBO DE A/C C/C DE 048.3 X 02.8 MM. RAN. (1 1/2"" CED. 10) ",
TCC4DF,"TUBO DE A/C C/C DE 114.3 MM. CED. 7 LISO (4"") SPS",
TCC11/4DF,"TUBO DE A/C C/C DE 042.2 MM. CED. 7 LISO (1 1/4"") SPS",
TCC11/2DF,"TUBO DE A/C C/C DE 048.3 MM. CED. 7 LISO (1 1/2"") SPS",
TCC2DF,"TUBO DE A/C C/C DE 060.3 MM. CED. 7 LISO (2"") SPS",
TCC3DF,"TUBO DE A/C C/C DE 088.9 MM. CED. 7 LISO (3"") SPS",
TCC4DFRA,"TUBO DE A/C C/C DE 114.3 MM. CED. 7 RAN. (4"") DF",
TCC11/4DFRA,"TUBO DE A/C C/C DE 042.2 MM. CED. 7 RAN. (1 1/4"") DF",
TCC2DFRA,"TUBO DE A/C C/C DE 060.3 MM. CED. 7 RAN. (2"") DF",
TCC21/2DFRA,"TUBO DE A/C C/C DE 073.0 MM. CED. 7 RAN. (2 1/2"") DF",
TCC3DFRA,"TUBO DE A/C C/C DE 088.9 MM. CED. 7 RAN. (3"") DF",
TCC410RA,"TUBO DE A/C C/C DE 114.3 X 03.0 MM. RAN. UL/FM (4"" CED. 10)",
TCC610RA,"TUBO DE A/C C/C DE 168.1 X 03.4 MM. RAN. UL/FM (6"" CED. 10)",
TCC210RA,"TUBO DE A/C C/C DE 060.3 X 02.8 MM. RAN. (2"" CED. 10)",
TCC21/210RA,"TUBO DE A/C C/C DE 073.0 X 03.0 MM. RAN. (2 1/2"" CED. 10)",
TCC310RA,"TUBO DE A/C C/C DE 088.9 X 03.0 MM. RAN. UL/FM (3"" CED. 10)",
TCC410,"TUBO DE A/C C/C DE 114.3 X 03.0 MM. LISO (4"" CED. 10) SPS",
TCC610,"TUBO DE A/C C/C DE 168.3 X 03.4 MM. LISO (6"" CED. 10) SPS",
TCC810,"TUBO DE A/C C/C DE 219.1 X 04.7 MM. RAN. (8"" CED. 10) SPS",
TCC11/410RA,"TUBO DE A/C C/C DE 042.2 X 02.8 MM. RAN. (1 1/4"" CED. 10) ",
TCC11/210,"TUBO DE A/C C/C DE 048.3 X 02.8 MM. LISO (1 1/2"" CED. 10) SPS",
TCC210,"TUBO DE A/C C/C DE 060.3 X 02.8 MM. LISO (2"" CED. 10) SPS",
TCC21/210,"TUBO DE A/C C/C DE 073.0 X 03.0 MM. LISO (2 1/2"" CED. 10) SPS",
TCC310,"TUBO DE A/C C/C DE 088.9 X 03.0 MM. LISO (3"" CED. 10) SPS",
TCC1BLT,"TUBO DE A/C C/C DE 033.4 MM. LISO (1"") BLT",
TCC11/4BLT,"TUBO DE A/C C/C DE 042.2 MM. LISO (1 1/4"") BLT",
TCC11/2BLT,"TUBO DE A/C C/C DE 048.3 MM. LISO (1 1/2"") BLT",
TCC340GRA,"TUBO DE ACERO AL CARBON CON COSTURA DE 088.9 X 05.5 MM. GALV. RAN. (3"" CED. 40)",
TCC440GL,"TUBO DE ACERO AL CARBON CON COSTURA DE 114.3 X 06.0 MM. GALV. LISO (4"" CED. 40)",
TCC640GL,"TUBO DE ACERO AL CARBON CON COSTURA DE 168.3 X 07.1 MM. GALV. LISO (6"" CED. 40)",
TCC840GL,"TUBO DE ACERO AL CARBON CON COSTURA DE 219.1 X 08.2 MM. GALV. LISO (8"" CED. 40)",
TCC3/480GL,"TUBO DE ACERO AL CARBON CON COSTURA DE 026.7 X 03.9 MM. GALV. LISO (3/4"" CED. 80)",
TCC180GL,"TUBO DE ACERO AL CARBON CON COSTURA DE 033.4 X 04.6 MM. GALV. LISO (1"" CED. 80)",
TCC240GL,"TUBO DE ACERO AL CARBON CON COSTURA DE 060.3 X 03.9 MM. GALV. LISO (2"" CED. 40)",
TCC21/240GL,"TUBO DE ACERO AL CARBON CON COSTURA DE 073.0 X 05.2 MM. GALV. LISO (2 1/2"" CED. 40)",
TCC340GL,"TUBO DE ACERO AL CARBON CON COSTURA DE 088.9 X 05.5 MM. GALV. LISO (3"" CED. 40)",
TCC440GR,"TUBO DE ACERO AL CARBON CON COSTURA DE 114.3 X 06.0 MM. GALV. ROSC. (4"" CED. 40)",
TCC1/240GR,"TUBO DE ACERO AL CARBON CON COSTURA DE 021.3 X 02.8 MM. GALV. ROSC. (1/2"" CED. 40)",
TCC3/440GR,"TUBO DE ACERO AL CARBON CON COSTURA DE 026.7 X 02.9 MM. GALV. ROSC. (3/4"" CED. 40)",
TCC140GR,"TUBO DE ACERO AL CARBON CON COSTURA DE 033.4 X 03.4 MM. GALV. ROSC.(1"" CED. 40)",
TCC11/440GR,"TUBO DE ACERO AL CARBON CON COSTURA DE 042.2 X 03.6 MM. GALV. ROSC. (1 1/4"" CED. 40)",
TCC11/240GR,"TUBO DE ACERO AL CARBON CON COSTURA DE 048.3 X 03.7 MM. GALV. ROSC. (1 1/2"" CED. 40)",
TCC240GR,"TUBO DE ACERO AL CARBON CON COSTURA DE 060.3 X 03.9 MM. GALV. ROSC. (2"" CED. 40)",
TCC21/240GR,"TUBO DE ACERO AL CARBON CON COSTURA DE 073.0 X 05.2 MM. GALV. ROSC. (2 1/2"" CED. 40)",
TCC340GR,"TUBO DE ACERO AL CARBON CON COSTURA DE 088.9 X 05.5 MM. GALV. ROSC. (3"" CED. 40)",
TCC440R,"TUBO DE ACERO AL CARBON CON COSTURA DE 114.3 X 06.0 MM. ROSC. (4"" CED. 40)",
TCC1/440,"TUBO DE ACERO AL CARBON CON COSTURA DE 013.7 X 02.2 MM. (1/4"" CED. 40)",
TCC1/240R,"TUBO DE ACERO AL CARBON CON COSTURA DE 021.3 X 02.8 MM. ROSC. (1/2"" CED. 40)",
TCC3/440R,"TUBO DE ACERO AL CARBON CON COSTURA DE 026.7 X 02.9 MM. ROSC. (3/4"" CED. 40)",
TCC3/480R,"TUBO DE ACERO AL CARBON CON COSTURA DE 026.7 X 03.9 MM. ROSC. (3/4"" CED. 80)",
TCC140R,"TUBO DE ACERO AL CARBON CON COSTURA DE 033.4 X 03.4 MM. ROSC. (1"" CED. 40)",
TCC11/440R,"TUBO DE ACERO AL CARBON CON COSTURA DE 042.2 X 03.6 MM. ROSC. (1 1/4"" CED. 40)",
TCC11/240R,"TUBO DE ACERO AL CARBON CON COSTURA DE 048.3 X 03.7 MM. ROSC. (1 1/2"" CED. 40)",
TCC240R,"TUBO DE ACERO AL CARBON CON COSTURA DE 060.3 X 03.9 MM. ROSC. (2"" CED. 40)",
TCC340R,"TUBO DE ACERO AL CARBON CON COSTURA DE 088.9 X 05.5 MM. ROSC. (3"" CED. 40)",
TCC640TM,"COD. ART. R001320001 TUBO DE ACERO AL CARBON CON COSTURA CED. 40 ASTM-A-53 GR. B DE 6"" DE DIAMETRO",
TCC140TM,"COD. ARTR01060002 TUBO DE ACERO AL CARBON CON COSTURA CED. 40 ASTM-A-53 GR. A DE 1"" DE DIAMETRO",
TCC11/240TM,"COD. ART. R01080001 TUBO DE ACERO AL CARBON CON COSTURA CED. 40 ASTM-A-53 GR. A DE 1 1/2"" DE DIAMETRO",
TCC11/440TM,"COD. ART. R01070002 TUBO DE ACERO AL CARBON CON COSTURA CED. 40 ASTM-A-53 GR. A DE 1 1/4"" DE DIAMETRO",
TCC180TM,"COD. ART. R03060004 TUBO DE ACERO AL CARBON CON COSTURA CED. 80 ASTM-A-53 GR. A DE 1"" DE DIAMETRO",
TCC21/240TM,"COD. ART. R01100001 TUBO DE ACERO AL CARBON CON COSTURA CED. 40 ASTM-A-53 GR. A DE 2 1/2"" DE DIAMETRO",
TCC280TM,"COD. ART. R03090002 TUBO DE ACERO AL CARBON CON COSTURA CED. 80 ASTM-A-53 GR. A DE 2"" DE DIAMETRO",
TCC240TM,"COD. ART. R01090004 TUBO DE ACERO AL CARBON CON COSTURA CED. 40 ASTM-A-53 GR. A DE 2"" DE DIAMETRO",
TCC3/480TM,"COD. ART. R03050003 TUBO DE ACERO AL CARBON CON COSTURA CED. 80 ASTM-A-53 Gr. A DE 3/4"" DE DIAMETRO",
TCC440TM,"COD. ART. R01300002 TUBO DE ACERO AL CARBON CON COSTURA CED. 40 ASTM-A-53 GR. A DE 4"" DE DIAMETRO",
TCC11/480TM,COD. ART. R03070003 TUBO DE ACERO AL CARBON CON COSTURA CED. 80 ASTM-A-53 GR. A DE 1 1/4 DE DIAMETRO,
TCC1/280TM,"COD. ART. R03040003 TUBO DE ACERO AL CARBON CON COSTURA CED. 80 ASTM-A-53 GR. A DE 1/2"" DE DIAMETRO",
TCC440,"TUBO DE ACERO AL CARBON CON COSTURA DE 114.3 X 06.0 MM. (4"" CED. 40)",
TCC540,"TUBO DE ACERO AL CARBON CON COSTURA DE 141.3 X 06.5 MM. (5"" CED. 40)",
TCC6X6.3,"TUBO DE ACERO AL CARBON CON COSTURA DE 168.3 X 06.3 MM. (6"" X .250"")",
TCC640,"TUBO DE ACERO AL CARBON CON COSTURA DE 168.3 X 07.1 MM. (6"" CED. 40)",
TCC1/240,"TUBO DE ACERO AL CARBON CON COSTURA DE 021.3 X 02.8 MM. (1/2"" CED. 40)",
TCC1/280,"TUBO DE ACERO AL CARBON CON COSTURA DE 021.3 X 03.7 MM. (1/2"" CED. 80)",
TCC840,"TUBO DE ACERO AL CARBON CON COSTURA DE 219.1 X 08.2 MM. (8"" CED. 40)",
TCC3/440,"TUBO DE ACERO AL CARBON CON COSTURA DE 026.7 X 02.9 MM. (3/4"" CED. 40)",
TCC3/480,"TUBO DE ACERO AL CARBON CON COSTURA DE 026.7 X 03.9 MM. (3/4"" CED. 80)",
TCC1020,"TUBO DE ACERO AL CARBON CON COSTURA DE 273.1 X 06.3 MM. (10"" CED. 20)",
TCC1040,"TUBO DE ACERO AL CARBON CON COSTURA DE 273.1 X 09.3 MM. (10"" CED. 40)",
TCC1240,"TUBO DE ACERO AL CARBON CON COSTURA DE 324 X 10.3 MM. (12"" CED. 40)",
TCC1220,"TUBO DE ACERO AL CARBON CON COSTURA DE 324 X 06.3 MM. (12"" CED. 20)",
TCC12X9.5,"TUBO DE ACERO AL CARBON CON COSTURA DE 324 X 09.5 MM. (12"" X 3/8"")",
TCC140,"TUBO DE ACERO AL CARBON CON COSTURA DE 033.4 X 03.4 MM. (1"" CED. 40)",
TCC180,"TUBO DE ACERO AL CARBON CON COSTURA DE 033.4 X 04.6 MM. (1"" CED. 80)",
TCC1440,"TUBO DE ACERO AL CARBON CON COSTURA DE 356 X 11.1 MM. (14"" CED. 40)",
TCC1430,"TUBO DE ACERO AL CARBON CON COSTURA DE 356 X 09.5 MM. (14"" CED. 30)",
TCC1640,"TUBO DE ACERO AL CARBON CON COSTURA DE 406 X 12.7 MM. (16"" CED. 40)",
TCC1630,"TUBO DE ACERO AL CARBON CON COSTURA DE 406 X 09.5 MM. (16"" CED. 30)",
TCC11/440,"TUBO DE ACERO AL CARBON CON COSTURA DE 042.2 X 03.6 MM. (1 1/4"" CED. 40)",
TCC18X9.5,"TUBO DE ACERO AL CARBON CON COSTURA DE 457 X 09.5 MM. (18"" X 3/8"")",
TCC11/240,"TUBO DE ACERO AL CARBON CON COSTURA DE 048.3 X 03.7 MM. (1 1/2"" CED. 40)",
TCC11/280,"TUBO DE ACERO AL CARBON CON COSTURA DE 048.3 X 05.1 MM. (1 1/2"" CED. 80)",
TCC2010,"TUBO DE ACERO AL CARBON CON COSTURA DE 508 X 06.3 MM. (20"" CED. 10)",
TCC240,"TUBO DE ACERO AL CARBON CON COSTURA DE 060.3 X 03.9 MM. (2"" CED. 40)",
TCC280,"TUBO DE ACERO AL CARBON CON COSTURA DE 060.3 X 05.5 MM. (2"" CED. 80)",
TCC21/240,"TUBO DE ACERO AL CARBON CON COSTURA DE 073.0 X 05.2 MM. (2 1/2"" CED. 40)",
TCC30X12.7,"TUBO DE ACERO AL CARBON CON COSTURA DE 762 X 12.7 MM. (30"" CED 20)",
TCC340,"TUBO DE ACERO AL CARBON CON COSTURA DE 088.9 X 05.5 MM. (3"" CED. 40)",
TCC21/2EFBM,"TUBO DE A/C C/C DE 073.0 MM. LISO (2 1/2"") EDDYFLOW",
TSC1/2160GL,"TUBO DE ACERO AL CARBON SIN COSTURA 021.3 X 04.9 MM. GALV. LISO (1/2"" CED. 160)",
TSC1160GL,"TUBO DE ACERO AL CARBON SIN COSTURA 033.4 X 06.4 MM. GALV. LISO (1"" CED. 160)",
TSC11/2160GL,"TUBO DE ACERO AL CARBON SIN COSTURA 048.3 X 07.1 MM. GALV. LISO (1 1/2"" CED. 160)",
TSC2160GL,"TUBO DE ACERO AL CARBON SIN COSTURA 060.3 X 08.7 MM. GALV. LISO (2"" CED. 160)",
TSC3160GL,"TUBO DE ACERO AL CARBON SIN COSTURA 088.9 X 11.13 MM. GALV. LISO (3"" CED. 160)",
TSC440GL,"TUBO DE ACERO AL CARBON SIN COSTURA 114.3 X 06.0 MM. GALV. LISO (4"" CED. 40)",
TSC1/280GL,"TUBO DE ACERO AL CARBON SIN COSTURA 021.3 X 03.7 MM. GALV. LISO (1/2"" CED. 80)",
TSC3/480GL,"TUBO DE ACERO AL CARBON SIN COSTURA 026.7 X 03.9 MM. GALV. LISO (3/4"" CED. 80)",
TSC3/4160GL,"TUBO DE ACERO AL CARBON SIN COSTURA 026.7 X 05.6 MM. GALV. LISO (3/4"" CED.160)",
TSC180GL,"TUBO DE ACERO AL CARBON SIN COSTURA 033.4 X 04.6 MM. GALV. LISO (1"" CED. 80)",
TSC11/280GL,"TUBO DE ACERO AL CARBON SIN COSTURA 048.3 X 05.1 MM. GALV. LISO (1 1/2"" CED. 80)",
TSC280GL,"TUBO DE ACERO AL CARBON SIN COSTURA 060.3 X 05.5 MM. GALV. LISO (2"" CED. 80)",
TSC21/240GL,"TUBO DE ACERO AL CARBON SIN COSTURA 073.0 X 05.2 MM. GALV. LISO (2 1/2"" CED. 40)",
TSC380GL,"TUBO DE ACERO AL CARBON SIN COSTURA 088.9 X 07.6 MM. GALV. LISO (3"" CED. 80)",
TSC3/480GR,"TUBO DE ACERO AL CARBON SIN COSTURA 026.7 X 03.9 MM. GALV. ROSC. (3/4"" CED. 80)",
TSC180GR,"TUBO DE ACERO AL CARBON SIN COSTURA 033.4 X 04.6 MM. GALV. ROSC. (1"" CED. 80)",
TSC11/280GR,"TUBO DE ACERO AL CARBON SIN COSTURA 048.3 X 05.1 MM. GALV. ROSC. (1 1/2"" CED. 80)",
TSC280GR,"TUBO DE ACERO AL CARBON SIN COSTURA 060.3 X 05.5 MM. GALV. ROSC. (2"" CED. 80)",
TSC1/280R,"TUBO DE ACERO AL CARBON SIN COSTURA 021.3 X 03.7 MM. ROSC. (1/2"" CED. 80)",
TSC1/2160R,"TUBO DE ACERO AL CARBON SIN COSTURA 021.3 X 04.8 MM. ROSC. (1/2"" CED.160)",
TSC140R,"TUBO DE ACERO AL CARBON SIN COSTURA 033.4 X 03.4 MM. ROSC. (1"" CED. 40)",
TSC180R,"TUBO DE ACERO AL CARBON SIN COSTURA 033.4 X 04.6 MM. ROSC. (1"" CED. 80)",
TSC11/440R,"TUBO DE ACERO AL CARBON SIN COSTURA 042.2 X 03.6 MM. ROSC. (1 1/4"" CED. 40)",
TSC11/240R,"TUBO DE ACERO AL CARBON SIN COSTURA 048.3 X 03.7 MM. ROSC. (1 1/2"" CED. 40)",
TSC11/280R,"TUBO DE ACERO AL CARBON SIN COSTURA 048.3 X 05.1 MM. ROSC. (1 1/2"" CED. 80)",
TSC280R,"TUBO DE ACERO AL CARBON SIN COSTURA 060.3 X 05.5 MM. ROSC. (2"" CED. 80)",
TSC240R,"TUBO DE ACERO AL CARBON SIN COSTURA 060.3 X 03.9 MM. ROSC. (2"" CED. 40)",
TSC21/280R,"TUBO DE ACERO AL CARBON SIN COSTURA 073.0 X 07.0 MM. ROSC. (2 1/2"" CED. 80)",
TSC340R,"TUBO DE ACERO AL CARBON SIN COSTURA 088.9 X 05.5 MM. ROSC. (3"" CED. 40)",
TSC1/240R,"TUBO DE ACERO AL CARBON SIN COSTURA 021.3 X 02.8 MM. ROSC. (1/2"" CED. 40)",
TSC540TM,"COD. ART. R01310002 TUBO DE ACERO AL CARBON SIN COSTURA ASTM A53 GR.B DE 5"" CED. 40",
TSC5120TM,"COD. ART. R96010001 TUBO DE ACERO AL CARBON SIN COSTURA ASTM A-53 GR. B DE 5"" CED. 120.",
TSC2440TM,"COD. ART. R02240007 TUBO DE ACERO AL CARBON SIN COSTURA ASTM-A-106 GR B DE 24"" DE DIAMETRO",
TSC3/880TM,"COD. ART. R03030004 TUBO DE ACERO AL CARBON SIN COSTURA ASTM-A-106 GR. B DE 3/8"" DE DIAMETRO",
TSC2040TM,"COD. ART. R02230006 TUBO DE ACERO AL CARBON SIN COSTURA ASTM-A-106 GR. B DE 20"" DE DIAMETRO",
TSC4160TM,"COD. ART. R05180001 TUBO DE ACERO AL CARBON SIN COSTURA ASTM-A-106 GR. B DE 4"" DE DIAMETRO",
TSC21/280TM,"TUBO DE ACERO AL CARBON SIN COSTURA ASTM-A-106 GR.B DE 2 1/2"" DE DIAMETRO CED. 80",
TSC480,"TUBO DE ACERO AL CARBON SIN COSTURA 114.3 X 08.6 MM. (4"" CED. 80)",
TSC31/240,"TUBO DE ACERO AL CARBON SIN COSTURA 101.6 X 05.7 MM. (3 1/2"" CED. 40)",
TSC31/280,"TUBO DE ACERO AL CARBON SIN COSTURA 101.6 X 08.1 MM. (3 1/2"" CED. 80)",
TSC4120,"TUBO DE ACERO AL CARBON SIN COSTURA 114.3 X 11.1 MM. (4"" CED.120)",
TSC4160,"TUBO DE ACERO AL CARBON SIN COSTURA 114.3 X 13.5 MM. (4"" CED.160)",
TSC440,"TUBO DE ACERO AL CARBON SIN COSTURA 114.3 X 06.0 MM. (4"" CED. 40)",
TSC1/440,"TUBO DE ACERO AL CARBON SIN COSTURA 013.7 X 02.2 MM. (1/4"" CED. 40)",
TSC1/480,"TUBO DE ACERO AL CARBON SIN COSTURA 013.7 X 03.0 MM. (1/4"" CED. 80)",
TSC5120,"TUBO DE ACERO AL CARBON SIN COSTURA 141.3 X 12.7 MM. (5"" CED.120)",
TSC5160,"TUBO DE ACERO AL CARBON SIN COSTURA 141.3 X 15.9 MM. (5"" CED.160)",
TSC540,"TUBO DE ACERO AL CARBON SIN COSTURA 141.3 X 06.5 MM. (5"" CED. 40)",
TSC580,"TUBO DE ACERO AL CARBON SIN COSTURA 141.3 X 09.5 MM. (5"" CED. 80)",
TSC680,"TUBO DE ACERO AL CARBON SIN COSTURA 168.3 X 11.0 MM. (6"" CED. 80)",
TSC6120,"TUBO DE ACERO AL CARBON SIN COSTURA 168.3 X 14.3 MM. (6"" CED.120)",
TSC6160,"TUBO DE ACERO AL CARBON SIN COSTURA 168.3 X 18.3 MM. (6"" CED.160)",
TSC6X6.3,"TUBO DE ACERO AL CARBON SIN COSTURA 168.3 X 06.3 MM. (6"" X 6.3 MM.)",
TSC640,"TUBO DE ACERO AL CARBON SIN COSTURA 168.3 X 07.1 MM. (6"" CED. 40)",
TSC3/840,"TUBO DE ACERO AL CARBON SIN COSTURA 017.1 X 02.3 MM. (3/8"" CED. 40)",
TSC3/880,"TUBO DE ACERO AL CARBON SIN COSTURA 017.1 X 03.2 MM. (3/8"" CED. 80)",
TSC1/240,"TUBO DE ACERO AL CARBON SIN COSTURA 021.3 X 02.8 MM. (1/2"" CED. 40)",
TSC1/280,"TUBO DE ACERO AL CARBON SIN COSTURA 021.3 X 03.7 MM. (1/2"" CED. 80)",
TSC1/2160,"TUBO DE ACERO AL CARBON SIN COSTURA 021.3 X 04.9 MM. (1/2"" CED.160)",
TSC1/2XXS,"TUBO DE ACERO AL CARBON SIN COSTURA 021.3 X 07.5 MM. (1/2"" CED. XXS)",
TSC880,"TUBO DE ACERO AL CARBON SIN COSTURA 219.1 X 12.7 MM. (8"" CED. 80)",
TSC8120,"TUBO DE ACERO AL CARBON SIN COSTURA 219.1 X 18.3 MM. (8"" CED.120)",
TSC820,"TUBO DE ACERO AL CARBON SIN COSTURA 219.1 X 06.3 MM. (8"" CED. 20)",
TSC830,"TUBO DE ACERO AL CARBON SIN COSTURA 219.1 X 07.0 MM. (8"" CED. 30)",
TSC840,"TUBO DE ACERO AL CARBON SIN COSTURA 219.1 X 08.2 MM. (8"" CED. 40)",
TSC3/440,"TUBO DE ACERO AL CARBON SIN COSTURA 026.7 X 02.9 MM. (3/4"" CED. 40)",
TSC3/480,"TUBO DE ACERO AL CARBON SIN COSTURA 026.7 X 03.9 MM. (3/4"" CED. 80)",
TSC3/4160,"TUBO DE ACERO AL CARBON SIN COSTURA 026.7 X 05.6 MM. (3/4"" CED.160)",
TSC3/4XXS,"TUBO DE ACERO AL CARBON SIN COSTURA 026.7 X 07.8 MM. (3/4"" CED. XXS)",
TSC1060,"TUBO DE ACERO AL CARBON SIN COSTURA 273.1 X 12.7 MM. (10"" CED. 60)",
TSC1080,"TUBO DE ACERO AL CARBON SIN COSTURA 273.1 X 15.1 MM. (10"" CED. 80)",
TSC1020,"TUBO DE ACERO AL CARBON SIN COSTURA 273.1 X 06.4 MM. (10"" CED. 20)",
TSC1040,"TUBO DE ACERO AL CARBON SIN COSTURA 273.1 X 09.3 MM. (10"" CED. 40)",
TSC1240,"TUBO DE ACERO AL CARBON SIN COSTURA 323.8 X 10.3 MM. (12"" CED. 40)",
TSC12X12.7,"TUBO DE ACERO AL CARBON SIN COSTURA 323.8 X 12.7 MM. (12"" X 1/2"")",
TSC1280,"TUBO DE ACERO AL CARBON SIN COSTURA 323.8 X 17.5 MM. (12"" CED. 80)",
TSC1220,"TUBO DE ACERO AL CARBON SIN COSTURA 323.8 X 06.3 MM. (12"" CED. 20)",
TSC1230,"TUBO DE ACERO AL CARBON SIN COSTURA 323.8 X 08.4 MM. (12"" CED. 30)",
TSC12X9.5,"TUBO DE ACERO AL CARBON SIN COSTURA 323.8 X 09.5 MM. (12"" X 3/8"")",
TSC140,"TUBO DE ACERO AL CARBON SIN COSTURA 033.4 X 03.4 MM. (1"" CED. 40)",
TSC180,"TUBO DE ACERO AL CARBON SIN COSTURA 033.4 X 04.6 MM. (1"" CED. 80)",
TSC1160,"TUBO DE ACERO AL CARBON SIN COSTURA 033.4 X 06.4 MM. (1"" CED.160)",
TSC1XXS,"TUBO DE ACERO AL CARBON SIN COSTURA 033.4 X 09.1 MM. (1"" CED. XXS)",
TSC1440,"TUBO DE ACERO AL CARBON SIN COSTURA 355.6 X 11.1 MM. (14"" CED. 40)",
TSC1420,"TUBO DE ACERO AL CARBON SIN COSTURA 355.6 X 07.9 MM. (14"" CED. 20)",
TSC1430,"TUBO DE ACERO AL CARBON SIN COSTURA 355.6 X 09.6 MM. (14"" CED. 30)",
TSC1640,"TUBO DE ACERO AL CARBON SIN COSTURA 406.4 X 12.7 MM. (16"" CED. 40)",
TSC1680,"TUBO DE ACERO AL CARBON SIN COSTURA 406.4 X 21.4 MM. (16"" CED. 80)",
TSC1630,"TUBO DE ACERO AL CARBON SIN COSTURA 406.4 X 09.6 MM. (16"" CED. 30)",
TSC11/440,"TUBO DE ACERO AL CARBON SIN COSTURA 042.2 X 03.6 MM. (1 1/4"" CED. 40)",
TSC11/480,"TUBO DE ACERO AL CARBON SIN COSTURA 042.2 X 04.9 MM. (1 1/4"" CED. 80)",
TSC11/4160,"TUBO DE ACERO AL CARBON SIN COSTURA 042.2 X 06.4 MM. (1 1/4"" CED.160)",
TSC18X12.7,"TUBO DE ACERO AL CARBON SIN COSTURA 457 X 12.7 MM. (18"" X 1/2"")",
TSC1840,"TUBO DE ACERO AL CARBON SIN COSTURA 457 X 14.3 MM. (18"" CED. 40)",
TSC1880,"TUBO DE ACERO AL CARBON SIN COSTURA 457 X 23.8 MM. (18"" CED. 80)",
TSC18X9.5,"TUBO DE ACERO AL CARBON SIN COSTURA 457 X 09.5 MM. (18"" X 3/8"")",
TSC11/2XXS,"TUBO DE ACERO AL CARBON SIN COSTURA 048.3 X 10.2 MM. (1 1/2"" CED. XXS)",
TSC11/240,"TUBO DE ACERO AL CARBON SIN COSTURA 048.3 X 03.7 MM. (1 1/2"" CED. 40)",
TSC11/280,"TUBO DE ACERO AL CARBON SIN COSTURA 048.3 X 05.1 MM. (1 1/2"" CED. 80)",
TSC11/2160,"TUBO DE ACERO AL CARBON SIN COSTURA 048.3 X 07.1 MM. (1 1/2"" CED. 160)",
TSC2030,"TUBO DE ACERO AL CARBON SIN COSTURA 508 X 12.7 MM. (20"" CED. 30)",
TSC2040,"TUBO DE ACERO AL CARBON SIN COSTURA 508 X 15.1 MM. (20"" CED. 40)",
TSC2080,"TUBO DE ACERO AL CARBON SIN COSTURA 508 X 26.2 MM. (20"" CED. 80)",
TSC2020,"TUBO DE ACERO AL CARBON SIN COSTURA 508 X 09.5 MM. (20"" CED. 20)",
TSC22X25.4,"TUBO DE ACERO AL CARBON SIN COSTURA 559 X 25.4 MM. (22"" X 1"")",
TSC2XXS,"TUBO DE ACERO AL CARBON SIN COSTURA 060.3 X 11.1 MM. (2"" CED. XXS)",
TSC240,"TUBO DE ACERO AL CARBON SIN COSTURA 060.3 X 03.9 MM. (2"" CED. 40)",
TSC280,"TUBO DE ACERO AL CARBON SIN COSTURA 060.3 X 05.5 MM. (2"" CED. 80)",
TSC2160,"TUBO DE ACERO AL CARBON SIN COSTURA 060.3 X 08.7 MM. (2"" CED. 160)",
TSC2440,"TUBO DE ACERO AL CARBON SIN COSTURA 610 X 17.5 MM. (24"" CED. 40)",
TSC2420,"TUBO DE ACERO AL CARBON SIN COSTURA 610 X 09.5 MM. (24"" CED. 20)",
TSC21/2XXS,"TUBO DE ACERO AL CARBON SIN COSTURA 073.0 X 14.0 MM. (2 1/2"" CED. XXS)",
TSC21/240,"TUBO DE ACERO AL CARBON SIN COSTURA 073.0 X 05.2 MM. (2 1/2"" CED. 40)",
TSC21/280,"TUBO DE ACERO AL CARBON SIN COSTURA 073.0 X 07.0 MM. (2 1/2"" CED. 80)",
TSC21/2160,"TUBO DE ACERO AL CARBON SIN COSTURA 073.0 X 09.5 MM. (2 1/2"" CED.160)",
TSC3160,"TUBO DE ACERO AL CARBON SIN COSTURA 088.9 X 11.1 MM. (3"" CED.160)",
TSC340,"TUBO DE ACERO AL CARBON SIN COSTURA 088.9 X 05.5 MM. (3"" CED. 40)",
TSC380,"TUBO DE ACERO AL CARBON SIN COSTURA 088.9 X 07.6 MM. (3"" CED. 80)",
TSC480CH,"TUBO DE ACERO AL CARBON SIN COSTURA 114.3 X 08.6 MM. (4"" CED. 80)",
TSC1/440CH,"TUBO DE ACERO AL CARBON SIN COSTURA 013.7 X 02.2 MM. (1/4"" CED. 40)",
TSC640CH,"TUBO DE ACERO AL CARBON SIN COSTURA 168.3 X 07.1 MM. (6"" CED. 40)",
TSC1/280GRADOC,"TUBO DE ACERO AL CARBON SIN COSTURA 021.3 X 03.7 MM. GR. C (1/2"" CED.80)",
TSC1/2160GRADOC,"TUBO DE ACERO AL CARBON SIN COSTURA 021.3 X 04.9 MM. GR. C (1/2"" CED. 160)",
TSC3/480CH,"TUBO DE ACERO AL CARBON SIN COSTURA 026.7 X 03.9 MM. (3/4"" CED. 80)",
TSC3/480GRADOC,"TUBO DE ACERO AL CARBON SIN COSTURA 026.7 X 03.9 MM. GR. C (3/4"" CED. 80)",
TSC3/4160GRADOC,"TUBO DE ACERO AL CARBON SIN COSTURA 026.7 X 05.6 MM. GR. C (3/4"" CED.160)",
TSC140CH,"TUBO DE ACERO AL CARBON SIN COSTURA 033.4 X 03.4 MM. (1"" CED. 40)",
TSC180CH,"TUBO DE ACERO AL CARBON SIN COSTURA 033.4 X 04.6 MM. (1"" CED. 80)",
TSC1630IM,"TUBO DE ACERO AL CARBON SIN COSTURA 406.4 X 09.6 MM. (16"" CED. 30)",
TSC11/480CH,"TUBO DE ACERO AL CARBON SIN COSTURA 042.2 X 04.9 MM. (1 1/4"" CED. 80)",
TSC240CH,"TUBO DE ACERO AL CARBON SIN COSTURA 060.3 X 03.9 MM. (2"" CED. 40)",
TSC280CH,"TUBO DE ACERO AL CARBON SIN COSTURA 060.3 X 05.5 MM. (2"" CED. 80)",
TSC340CH,"TUBO DE ACERO AL CARBON SIN COSTURA 088.9 X 05.5 MM. (3"" CED. 40)",
TSC380CH,"TUBO DE ACERO AL CARBON SIN COSTURA 088.9 X 07.6 MM. (3"" CED. 80)",
TSC680X52,"TUBO DE A/ALEADO SIN COSTURA 168.3 X 11.0 MM. X52 (6"" CED. 80)",
TSC880X52,"TUBO DE A/ALEADO SIN COSTURA 219.1 X 12.7 MM. X52 (8"" CED. 80)",
TSC820A333G6,"TUBO DE A/ALEADO SIN COSTURA 219.1 X 06.3 MM. GR.6 (8"" CED. 20)",
TSC1060X52,"TUBO DE A/ALEADO SIN COSTURA 273.1 X 12.7 MM. X52 (10"" CED. 60)",
TSC4120X60,"TUBO DE A/ALEADO SIN COSTURA 114.3 X 11.1 MM. X60 (4"" CED. 120)",
TCC240AI316TM,"COD. R82390001 TUBO A/INOX. C/COSTURA T-316 DE 60.3 X 3.65 MM. (2"" CED. 40)",
TCC410AI304,"TUBO A/INOX. C/COSTURA T-304 DE 114.3 X 03.0 MM. (4"" CED. 10)",
TCC1410AI304,"TUBO A/INOX. C/COSTURA T-304 DE 356 X 4.8 MM. (14"" CED. 10)",
TCC210AI304,"TUBO A/INOX. C/COSTURA T-304 DE 060.3 X 02.8 MM. (2"" CED. 10)",
TCC310AI304,"TUBO A/INOX. C/COSTURA T-304 DE 088.9 X 03.0 MM. (3"" CED. 10)",
TCC410AI316,"TUBO A/INOX. C/COSTURA T-316 DE 114.3 X 03.0 MM. (4"" CED. 10)",
TSC110AI304,"TUBO A/INOX. S/COSTURA T-304 DE 033.4 X 02.8 MM. (1"" CED. 10)",
TSC210AI304,"TUBO A/INOX. S/COSTURA T-304 DE 060.3 X 02.8 MM. (2"" CED. 10)",
TSC210AI316,"TUBO A/INOX. S/COSTURA T-316 DE 060.3 X 02.8 MM. (2"" CED. 10)",
TSC3/480AI316,"TUBO A/INOX. S/COSTURA T-316 DE 026.7 X 03.9 MM. (3/4"" CED. 80)",
TSC1010AI316,"TUBO A/INOX. S/COSTURA T-316 DE 273.1 X 04.2 MM. (10"" CED. 10)",
TSC11/280AI316,"TUBO A/INOX. S/COSTURA T-316 DE 048.3 X 05.1 MM. (1 1/2"" CED. 80)",
TSC280AI316,"TUBO A/INOX. S/COSTURA T-316 DE 060.3 X 05.5 MM. (2"" CED. 80)",
TFL3/8C,"TUBO DE COBRE FLEXIBLE DE 10 MM. (3/8"") A53B",
THDPE3RD11,"TUBO DE HDPE DE 076 MM. RD 11 (3"")",
THDPE6RD9,"TUBO DE HDPE DE 152 MM. RD 9 (6"")",
THDPE8RD11,"TUBO DE HDPE DE 203 MM. RD 11 (8"")",
THDPE12RD11,"TUBO DE HDPE DE 305 MM. RD 11 (12"")",
THDPE4RD9,"TUBO DE HDPE DE 102 MM. RD 9 (4"")",
THDPE4RD11,"TUBO DE HDPE DE 102 MM. RD 11 (4"")",
THDPE4RD13.5,"TUBO DE HDPE DE 102 MM. RD 13.5 (4"")",
TME108X15.88,TUBO MECANICO TAM-245 108.00 X 15.88 MM.,
TME114X95,TUBO MECANICO TAM-245 114.30 X 9.52 MM.,
TME125X90,TUBO MECANICO TAM-245 125.00 X 17.50 MM.,
TME127X88.9,TUBO MECANICO TAM-245 127.00 X 19.05 MM.,
TME133.3X107.9,TUBO MECANICO TAM-245 133.30 X 12.70 MM.,
TME171.4X139.6,TUBO MECANICO TAM-245 171.40 X 15.88 MM.,
TME177.8X152.8,TUBO MECANICO TAM-245 177.80 X 12.50 MM.,
TME254X219,TUBO MECANICO TAM-245 254.00 X 17.48 MM.,
TME304X240.5,TUBO MECANICO TAM-245 304.00 X 31.75 MM.,
TME57X40.64,TUBO MECANICO TAM-245 57.00 X 8.18 MM.,
TME82.5X50.7,TUBO MECANICO TAM-245 82.50 X 15.88 MM.,
TME88.9X60.5,TUBO MECANICO TAM-245 88.90 X 14.22 MM.,
TME88.9X72.5,TUBO MECANICO TAM-245 88.90 X 8.18 MM.,
THDPE4RD11,"TUBO DE HDPE DE 102 MM. RD 11 (4"")",
THDPE3RD9,"TUBO DE HDPE DE 076 MM. RD 9 (3"")",
TCC440RA,"TUBO DE ACERO AL CARBON CON COSTURA DE 114.3 X 06.0 MM. RAN. ( 4"" CED. 40 )",
TCC280TM,"COD. ART. R03090001 TUBO DE ACERO AL CARBON CON COSTURA DE 060.3 X 05.5 MM (2"" CED. 80)",
TCC440GRA,"TUBO DE ACERO AL CARBON CON COSTURA DE 114.3 X 06.0 MM. GALV. RAN. ( 4"" CED. 40 )",
TSC11/2XXSTM,"TUBO DE ACERO AL CARBON SIN COSTURA ASTM-A-106 GR. B DE DE 1 1/2"" ( CED. XXS)",
TCC640RA,"TUBO DE ACERO AL CARBON CON COSTURA DE 168.3 X 07.1 MM. RAN. (6"" CED. 40)",
TSC340RA,"TUBO DE ACERO AL CARBON SIN COSTURA 088.9 X 05.5 MM. RAN. ( 3"" CED. 40 )",
TCC340RA,"TUBO DE ACERO AL CARBON CON COSTURA DE 088.9 X 05.5 MM. RAN. ( 3"" CED. 40 )",
TSC3/440R,"TUBO DE ACERO AL CARBON SIN COSTURA 026.7 X 02.9 MM. ROSC. ( 3/4"" CED. 40 )",
TCCC1GLTM,"COD. ART. 311056-00 TUBO CONDUIT IMC DE 1"" CON COPLE GALV.",
TCC240GRA,"TUBO DE ACERO AL CARBON CON COSTURA DE 060.3 X 03.9 MM. GALV. RAN. ( 2"" CED. 40 )",
TSC1280X80,"TUBO DE ACERO AL CARBON SIN COSTURA 323.8 X 17.5 MM. X80 (12"" CED. 80)",
TSC21/240RA,"TUBO DE ACERO AL CARBON SIN COSTURA 073.0 X 05.2 MM. RAN. ( 21/2"" CED. 40 )",
TSC21/2XXSTM,"COD. ART. R06070001 TUBO DE ACERO AL CARBON SIN COSTURA ASTM-A-106 GR B DE 2 1/2"" DE DIAMETRO CED.XXS",
TCC6X6.3TM,"TUBO DE ACERO AL CARBON CON COSTURA DE 168.3 X 06.3 MM.(6"" X .250 )",
TSC31/240GL,"TUBO DE ACERO AL CARBON SIN COSTURA 101.6 X 05.7 MM. GALV. LISO (31/2"" CED. 40)",
TSC1/240CH,"TUBO DE ACERO AL CARBON SIN COSTURA 021.3 X 02.8 MM. (1/2"" CED. 40)",
TSC5120TM1,"COD. ART. R103V0002 TUBO DE ACERO AL CARBON SIN COSTURA ASTM A 53 GR.B DE 5"" DE DIAMETRO CEDULA 120",
TSC340PSL2,"TUBO DE ACERO AL CARBON SIN COSTURA 088.9 X 05.5 MM. PSL-2 (3"" CED. 40)",
TSC640PSL2,"TUBO DE ACERO AL CARBON SIN COSTURA 168.3 X 07.1 MM API 5L PSL-2 (6"" CED. 40)",
TSC840PSL2,"TUBO DE ACERO AL CARBON SIN COSTURA 219.1 X 08.2 MM API 5L PSL-2 (8"" CED. 40)",
TSC380PSL2,"TUBO DE ACERO AL CARBON SIN COSTURA 088.9 X 07.6 MM. PSL2 (3"" CED 80)",
THDPE21/2RD9,"TUBO DE HDPE DE 064 MM. RD 9 (2 1/2"")",
TCC640GRA,"TUBO DE ACERO AL CARBON CON COSTURA DE 168.3 X 07.1 MM GAL. RAN. (6"" CED. 40)",
TCC810RJARA,"TUBO DE A/C C/C DE 219.1 X 04.7 MM. RAN. (8"" CED. 10) ",
TSC440RA,"TUBO DE ACERO AL CARBON SIN COSTURA 114.3 X 06.0 MM. RAN. (4"" CED. 40)",
TSC640RA,"TUBO DE ACERO AL CARBON SIN COSTURA 168.3 X 07.1 MM. RAN. (6"" CED. 40)",
TSC840RA,"TUBO DE ACERO AL CARBON SIN COSTURA 219.1 X 08.2 MM. RAN. (8"" CED. 40)",
TSC1040RA,"TUBO DE ACERO AL CARBON SIN COSTURA 273.1 X 09.3 MM. RAN. (10"" CED. 40)",
TCC430TM,"TUBO DE ACERO AL CARBON CON COSTURA DE 114.3 X 04.78 MM. (4"" CED. 30)",
TSC2160GR,"TUBO DE ACERO AL CARBON SIN COSTURA 060.3 X 08.74 MM GALV. ROSC. (2"" CED. 160)",
TPVC6RD14C900,"TUBO DE PVC DE 152 MM. C900 (6"" RD 14)",
TPVC8RD14C900,"TUBO DE PVC DE 203 MM. C900 (8"" RD 14)",
TCC810RJARATM,"TUBO DE A/C C/C DE 219.1 X 04.7 MM. RAN. (8"" CED. 10) ",
TCC610RJARATM,"TUBO DE A/C C/C DE 168.3 X 03.4 MM. ROJA RAN. (6"" CED. 10)",
TCC410RJARATM,"TUBO DE A/C C/C DE 114.3 X 03.0 MM. ROJA RAN. (4"" CED. 10)",
TCC140RJARATM,"TUBO DE ACERO AL CARBON CON COSTURA DE 033.4 X 03.4 MM. ROJA RAN. (1"" CED. 40)",
TCC11/240RJARATM,"TUBO DE ACERO AL CARBON CON COSTURA DE 048.3 X 03.7 MM. ROJA RAN. (1 1/2"" CED. 40)",
TCC21/210RJARATM,TUBO DE A/C C/C DE 073.0 X 03.0 MM. ROJA RAN. (2 1/2 CED. 10),
TCC11/2DFRJARATM,"TUBO DE A/C C/C DE 048.3 MM. CED. 7 ROJA RAN. (1 1/2"") SPS",
TCC21/2DFRATM,"TUBO DE A/C C/C DE 073.0 MM. CED. 7 RAN. (2 1/2"") DF",
TSC140GRA,"TUBO DE ACERO AL CARBON SIN COSTURA 033.4 X 03.4 MM. GALV. RAN. (1"" CED. 40)",
TSC140GR,"TUBO DE ACERO AL CARBON SIN COSTURA 033.4 X 03.4 MM. GALV. ROSC. (1"" CED. 40)",
THDPE4RD21,"TUBO DE HDPE DE 102 MM. RD 21 (4"")",
THDPE6RD21,"TUBO DE HDPE DE 152 MM. RD 21 (6"")",
THDPE8RD21,"TUBO DE HDPE DE 203 MM. RD 21 (8"")",
THDPE12RD21,"TUBO DE HDPE DE 305 MM. RD 21 (12"")",
THDPE3RD21,"TUBO DE HDPE DE 076 MM. RD 21 (3"")",
JDR10E38,"JUNTA DRESSER ESTILO 38 PARA TUBO DE 254 MM (10"")",
THDPE14RD17,"TUBO DE HDPE DE 355 MM. RD 17 (14"")",
THDPE14RD21,"TUBO DE HDPE DE 355 MM. RD 21 (14"")",
TSC12X9.5GL,"TUBO DE ACERO AL CARBON SIN COSTURA 323.8 X 09.5 MM. GALV. LISO (12"" X 3/8"")",
TSC1040GL,"TUBO DE ACERO AL CARBON SIN COSTURA 273.1 X 09.3 MM. GALV. LISO (10"" CED. 40)",
TSC840GL,"TUBO DE ACERO AL CARBON SIN COSTURA 219.1 X 08.2 MM. GALV. LISO (8"" CED. 40)",
TSC640GL,"TUBO DE ACERO AL CARBON SIN COSTURA 168.3 X 07.1 MM. GALV. LISO (6"" CED. 40)",
TSC340GL,"TUBO DE ACERO AL CARBON SIN COSTURA 088.9 X 05.5 MM. GALV. LISO (3"" CED. 40)",
TSC240GL,"TUBO DE ACERO AL CARBON SIN COSTURA 060.3 X 03.9 MM. GALV. LISO (2"" CED. 40)",
THDPE4RD17,"TUBO DE HDPE DE 102 MM. RD 17 (4"")",
THDPE8RD17,"TUBO DE HDPE DE 203 MM. RD 17 (8"")",
THDPE12RD17,"TUBO DE HDPE DE 305 MM. RD 17 (12"")",
THDPE16RD17,"TUBO DE HDPE DE 406 MM. RD 17 (16"")",
THDPE10RD11,"TUBO DE HDPE DE 254 MM. RD 11 (10"")",
TCC2220,"TUBO DE ACERO AL CARBON CON COSTURA DE 558.8 X 09.5 MM (22"" CED. 20 )",
CRE1/2,"CONECTOR RECTO PARA TUBO FLEXIBLE DE 013 MM. (1/2"")",
,TUBO CONDUIT PARED DELGADA GALV. 4 SIN COPLE,
TCC3/4GC/CP,"TUBO CONDUIT PARED GRUESA DE 026 MM. GALV. (3/4"") CON COPLE",
,TUBO LICUATITE ELECPLAS 76MM,
,TUBO LICUATITE ELECPLAS 51MM R .30MTS,
,CONECTOR RECTO PARA TUBO LICUATITE DE 3,
,CONECTOR RECTO PARA TUBO LICUATITE DE 2,
TCPVCRD13.5X13FG,TUBO DE CPVC FG RD 13.5 DE 013 MM. ,
TCPVCRD13.5X3/4FG,TUBO DE CPVC FG RD 13.5 DE 019 MM.,
TPVC1/240HABOC,"TUBO DE PVC DE 013 MM. HID. ABOC. (1/2"" CED. 40)",
TPVC03/440HABOC,"TUBO DE PVC DE 019 MM. HID. ABOC. (3/4"" CED. 40)",
TPVC140HABOC,"TUBO DE PVC DE 025 MM. HID. ABOC. (1"" CED. 40)",
TPVC11/440HABOC,"TUBO DE PVC DE 032 MM. HID. ABOC. (1 1/4"" CED. 40)",
TPVC4SC,"TUBO DE PVC DE 102 MM. SAN. CEM. (4"")",
TPVC2SC,"TUBO DE PVC DE 051 MM. SAN. CEM. (2"")",
TPVC040SANC,TUBO DE PVC SAN. CEM. DE 040 MM.,
TAEP3/4,"TAPON EXTERIOR DE PLASTICO PARA TUBO DE 19 MM. ( 3/4"" )",
TAEP4,"TAPON EXTERIOR DE PLASTICO PARA TUBO DE 102 MM. ( 4"" )",
TAEP6,"TAPON EXTERIOR DE PLASTICO PARA TUBO DE 152 MM. ( 6"" )",
TAEP8,"TAPON EXTERIOR DE PLASTICO PARA TUBO DE 203 MM. ( 8"" )",
TAEP1,"TAPON EXTERIOR DE PLASTICO PARA TUBO DE 25 MM. ( 1"" )",
TAEP10,"TAPON EXTERIOR DE PLASTICO PARA TUBO DE 254 MM. ( 10"" )",
TAEP12,"TAPON EXTERIOR DE PLASTICO PARA TUBO DE 305 MM. ( 12"" )",
TAEP11/2,"TAPON EXTERIOR DE PLASTICO PARA TUBO DE 38 MM. ( 1 1/2"" )",
TAEP16,"TAPON EXTERIOR DE PLASTICO PARA TUBO DE 406 MM. ( 16"" )",
TAEP2,"TAPON EXTERIOR DE PLASTICO PARA TUBO DE 51 MM. ( 2"" )",
TAEP3/4,"TAPON EXTERIOR DE PLASTICO PARA TUBO DE 76 MM. ( 3"" )",
THDPE6RD11,"TUBO DE HDPE DE 152 MM. RD 11 (6"")",
THDPE3RD17,"TUBO DE HDPE DE 076 MM. RD 17 (3"")",
TCC21/240R,"TUBO DE ACERO AL CARBON CON COSTURA DE 073.0 X 05.2 MM. ROSC. ( 2 1/2"" CED. 40 )",
TSC580GL,"TUBO DE ACERO AL CARBON SIN COSTURA 141.3 X 09.5 MM. GALV. LISO (5"" CED. 80)",
TSC11/280AI316,"TUBO A/INOX. S/COSTURA T-316 DE 048.3 X 05.1 MM (11/2"" CED 80)",
TCC240AI316,"TUBO A/INOX. C/COSTURA T-316 DE 060.3 X 03.9 MM. (2"" CED. 40)",
THDPE4RD7.3,"TUBO DE HDPE DE 102 MM. RD 7.3 (4"")",
THDPE6RD9,"TUBO DE HDPE DE 152 MM. RD 9 (6"")",
THDPE10RD7.3,"TUBO DE HDPE DE 254 MM. RD 7.3 (10"")",
THDPE12RD7,"TUBO DE HDPE DE 305 MM. RD 7 (12"")",
TSC1/280GR,"TUBO DE ACERO AL CARBON SIN COSTURA 021.3 X 03.7 MM. GALV. ROSC. ( 1/2"" CED. 80 )",
TCC140GL,"TUBO DE ACERO AL CARBON CON COSTURA DE 033.4 X 03.4 MM. GALV. LISO ( 1"" CED. 40 )",
TCC11/480,TUBO DE ACERO AL CARBON CON COSTURA DE 042.2 X 04.85 MM. (1 1/4 CED. 80),
TCC210E,"TUBO DE A/C C/C DE 060.3 X 02.8 MM. ROJA RAN (2"" CED. 10)",
TCC2040,"TUBO DE ACERO AL CARBON CON COSTURA DE 508 X 15.1 MM. ( 20"" CED. 40 )",
TCC610G,"TUBO DE A/C C/C DE 168.3 X 03.4 MM. GALV. LISO (6"" CED. 10)",
TCC410G,"TUBO DE A/C C/C DE 114.3 X 03.0 MM. GALV. LISO (4"" CED. 10)",
TCC310G,"TUBO DE A/C C/C DE 088.9 X 03.0 MM. GALV. LISO (3"" CED. 10)",
TCC210RJARATM,"TUBO DE A/C C/C DE 060.3 X 02.8 MM. ROJA RAN. (2"" CED. 10)",
,,
TCPVC2BLAZE,"TUBO DE CPVC DE 051 MM. BLAZE (2"")",
TPVC4RD14C900,"TUBO DE PVC DE 102 MM. C900 (4"" RD 14) ",
TCPVC75BLAZE,"TUBO DE CPVC DE 075 MM. BLAZE (3"")",
TCC410E,"TUBO DE A/C C/C DE 114.3 X 03.0 MM. LISO (4"" CED. 10) SPS",
TSC21/240R,"TUBO DE ACERO AL CARBON SIN COSTURA 073.0 X 05.2 MM. ROSC. (2 1/2"" CED. 40)",
TPVC180,"TUBO DE PVC DE 025 MM. (1"" CED. 80)",
TPVC11/280,"TUBO DE PVC  DE 038 MM. (1 1/2"" CED. 80)",
TSC280TM,"COD. ART.R03710001 TUBO DE ACERO AL CARBON SIN COSTURA ASTM-A 106 GR. B. DE 2"" CED. 80",
TSC380TM,"TUBO DE ACERO AL CARBON SIN COSTURA 088.9 X 07.6 MM. (3"" CED. 80)",
TCC410RAG,"TUBO DE A/C C/C DE 114.3 X 03.0 MM. GALV. RAN. (4"" CED. 10)",
TSC680R,"TUBO DE ACERO AL CARBON SIN COSTURA 168.3 X 11.0 MM. ROSC. (6"" CED. 80)",
TSC180AI316,"TUBO A/INOX. S/COSTURA T-316 DE 033.4 X 04.5 MM (1"" CED 80)",
TSC860,"TUBO DE ACERO AL CARBON SIN COSTURA 219.1 X 10.3 MM. (8"" CED. 60)",
THDPE11/2RD17,"TUBO DE HDPE DE 038 MM. RD 17 (1 1/2"")",
THDPE11/4RD17,"TUBO DE HDPE DE 032 MM. RD 17 (1 1/4"")",
THDPE1RD17,"TUBO DE HDPE DE 025 MM. RD 17 (1"")",
TSC440R,"TUBO DE ACERO AL CARBON SIN COSTURA 114.3 X 06.0 MM. ROSC. (4"" CED. 40)",
TCC11/210RJARATM,"TUBO DE A/C C/C DE 048.3 X 02.8 MM. ROJA RAN. (1 1/2"" CED. 10)",
TCC21/240GRA,"TUBO DE ACERO AL CARBON CON COSTURA DE 073.0 X 05.2 MM. GALV. RAN. (2 1/2"" CED. 40)",
TCC11/240GRA,"TUBO DE ACERO AL CARBON CON COSTURA DE 048.3 X 03.7 MM. GALV. RAN. (1 1/2"" CED. 40)",
TCC310RJARATM,TUBO DE A/C C/C DE 088.9 X 03.0 MM. ROJA RAN. (3 CED. 10),
TSC21/2160TM,"COD. ART. R05160001 TUBO DE ACERO AL CARBON SIN COSTURA ASTM-A-106 GR. B DE DE 2 1/2"" CED. 160",
TSC11/280TM,"COD. ART. R03650003 TUBO DE ACERO AL CARBON SIN COSTURA ASTM-A-106 GR. B DE DE 1 1/2"" CED. 80",
TSC1480,"TUBO DE ACERO AL CARBON SIN COSTURA 355.6 X 19.0 MM. (14"" CED. 80)",
TSC1660,"TUBO DE ACERO AL CARBON SIN COSTURA 406.4 X 16.6 MM. (16"" CED. 60)",
TSC24X12.7,"TUBO DE ACERO AL CARBON SIN COSTURA DE 610 X 12.7 MM. (24"" CED.XS)",
TSC2480,"TUBO DE ACERO AL CARBON SIN COSTURA 610 X 30.9 MM. (24"" CED.80)",
TSC1030,"TUBO DE ACERO AL CARBON SIN COSTURA 273.1 X 7.8 MM. (10"" CED. 30)",
TSC10120,"TUBO DE ACERO AL CARBON SIN COSTURA 273.1 X 21.4 MM. (10"" CED. 120)",
TSC240AI316,"TUBO A/INOX. S/COSTURA T-316 DE 060.3 X 03.9 MM. (2"" CED. 40)",
TSC14X12.7,"TUBO DE ACERO AL CARBON SIN COSTURA 355.6 X 12.7 MM. (14"" X 1/2"")",
TPVC640DWVA,"TUBO DE PVC DE 152 MM. DWV ABOC. (6"" CED. 40)",
TPVC240DWVA,"TUBO DE PVC DE 051 MM. DWV ABOC. (2"" CED. 40)",
TPVC440DWV,"TUBO DE PVC DE 102 MM. DWV (4"" CED. 40)",
TPVC11/240DWVA,"TUBO DE PVC DE 038 MM. DWV ABOC (1 1/2"" CED. 40) ",
TCC3/480TM1,"COD. ART. R03050006 TUBO DE ACERO AL CARBON CON COSTURA CED. 80 ASTM-A-53 Gr. A DE 3/4"" DE DIAMETRO",
TCC11/480TM1,COD. ART. R03070001 TUBO DE ACERO AL CARBON CON COSTURA CED. 80 ASTM-A-53 GR. A DE 1 1/4 DE DIAMETRO,
TCC180TM1,"COD. ART. R03060001 TUBO DE ACERO AL CARBON CON COSTURA CED. 80 ASTM-A-53 GR. A DE 1"" DE DIAMETRO",
TCC840FT,"TUBO DE ACERO AL CARBON CON COSTURA DE 219.1 X 08.2 MM. (8"" CED. 40)",
TCC1040FT,"TUBO DE ACERO AL CARBON CON COSTURA DE 273.1 X 09.3 MM. (10"" CED. 40)",
TCC12X9.5FT,"TUBO DE ACERO AL CARBON CON COSTURA DE 324 X 09.5 MM. (12"" X 3/8"")",
TSC1/480CH,"TUBO DE ACERO AL CARBON SIN COSTURA 013.7 X 03.0 MM. (1/4"" CED. 80)",
TCC1630FT,"TUBO DE ACERO AL CARBON CON COSTURA DE 406 X 09.5 MM. (16"" CED. 30)",
TCC2020FT,"TUBO DE ACERO AL CARBON CON COSTURA DE 508 X 09.5 MM. (20"" CED. 20)",
TCC2420,"TUBO DE ACERO AL CARBON CON COSTURA DE 610 X 09.5 MM. ( 24"" CED. 20 )",
TSC240FT,"TUBO DE ACERO AL CARBON SIN COSTURA 060.3 X 03.9 MM. (2"" CED. 40)",
TSC340FT,"TUBO DE ACERO AL CARBON SIN COSTURA 088.9 X 05.5 MM. (3"" CED. 40)",
TSC440FT,"TUBO DE ACERO AL CARBON SIN COSTURA 114.3 X 06.0 MM. (4"" CED. 40)",
TSC640FT,"TUBO DE ACERO AL CARBON SIN COSTURA 168.3 X 07.1 MM. (6"" CED. 40)",
TSC280FT,"TUBO DE ACERO AL CARBON SIN COSTURA 060.3 X 05.5 MM. (2"" CED. 80)",
TSC380FT,"TUBO DE ACERO AL CARBON SIN COSTURA 088.9 X 07.6 MM. (3"" CED. 80)",
TSC680FT,"TUBO DE ACERO AL CARBON SIN COSTURA 168.3 X 11.0 MM. (6"" CED. 80)",
TCC2020,"TUBO DE ACERO AL CARBON CON COSTURA DE 508 X 09.5 MM. (20"" CED. 20)",
TSC3/480R,"TUBO DE ACERO AL CARBON SIN COSTURA 026.7 X 03.9 MM. ROSC. (3/4"" CED. 80)",
TCC1620,"TUBO DE ACERO AL CARBON CON COSTURA DE 406 X 07.9 MM. (16"" CED. 20)",
TPVC4S,"TUBO DE PVC DE 102 MM. SAN. (4"")",
TPVC6S,"TUBO DE PVC DE 152 MM. SAN. (6"")",
TCPVC280C,"TUBO DE CPVC DE 051 MM. CEM. (2"" CED. 80)",
THDPE2RD11,"TUBO DE HDPE DE 051 MM. RD 11 (2"")",
TPVC6RD14C900,"TUBO DE PVC DE 152 MM. C900 (6"" RD 14)",
TPVC8RD14C900,"TUBO DE PVC DE 203 MM. C900 (8"" RD 14)",
TPVC4RD14C900,"TUBO DE PVC DE 102 MM. C900 (4"" RD 14)",
TCPVC11/2BLAZE,"TUBO DE CPVC DE 038 MM. BLAZE (1 1/2"")",
TCPVC3/4BLAZE,"TUBO DE CPVC DE 019 MM. BLAZE 3/4""",
TCC1040GRA,"TUBO DE ACERO AL CARBON CON COSTURA DE 273.1 X 09.3 MM. GALV. RAN. (10"" CED. 40)",
TCC840GRA,"TUBO DE ACERO AL CARBON CON COSTURA DE 219.1 X 08.2 MM. GALV. LISO (8"" CED. 40)",
TCR1/2M,"TUBO DE COBRE RIGIDO DE 013 MM. TIPO M (1/2"")",
TCR1/4M,"TUBO DE COBRE RIGIDO DE 06 MM. TIPO M (1/4"")",
TPVC10RD14C900,"TUBO DE PVC DE 254 MM. C900 (10"" RD 14)",
CP10F905,"COPLE PARA TUBO DE HDPE VICTAULIC FIGURA 905 DE 254 MM. (10"")",
TCC820,"TUBO DE ACERO AL CARBON CON COSTURA DE 219.1 X 06.3 MM. (8"" CED. 20)",
TCC1420,"TUBO DE ACERO AL CARBON CON COSTURA DE 356 X 07.9 MM. (14"" CED. 20)",
TPVC160SC,"TUBO DE PVC DE 152 MM. SAN. CEM. (6"")",
TCC11/410RJARATM,"TUBO DE A/C C/C DE 042.2 X 02.8 MM. ROJA RAN. (1 1/4"" CED. 10)",
TCC4DFE,"TUBO DE A/C C/C DE 114.3 MM. CED. 7 LISO (4"") SPS",
TCPVC280CORZAN,"TUBO DE CPVC CORZAN DE 051 MM.  (2"" CED. 80)",
TCPVC21/280CORZAN,"TUBO DE CPVC CORZAN DE 064 MM.  (2 1/2"" CED. 80)",
TCPVC380CORZAN,"TUBO DE CPVC CORZAN DE 076 MM.  (3"" CED. 80)",
TCPVC480CORZAN,"TUBO DE CPVC CORZAN DE 102 MM.  (4"" CED. 80) ",
TPVC180,"TUBO DE PVC DE 025 MM. (1"" CED. 80)",
SOP8TOLB3092,"SOPORTE TOLCO DE SILLIN TUBO AJUSTABLE C/YUGO DE 200 MM. MOD. B3092 (8"") ",
SOP10TOLB3092,"SOPORTE TOLCO DE SILLIN TUBO AJUSTABLE C/YUGO DE 254 MM. MOD. B3092 (10"")",
SOP11/2TOLB3092,"SOPORTE TOLCO DE SILLIN TUBO AJUSTABLE C/YUGO DE 038 MM. MOD. B3092 (1 1/2"")",
TPVC240HABOC,"TUBO DE PVC DE 051 MM. HID. ABOC. (2"" CED. 40)",
TPVC1RD26HABOC,"TUBO DE PVC DE 025 MM. HID. ABOC. (1"" RD 26)",
TPVC1040DWV,"TUBO DE PVC DE 254 MM. DWV (10"" CED. 40)",
TPVC840DWV,"TUBO DE PVC DE 203 MM. DWV (8"" CED. 40)",
TCC440AI316,"TUBO A/INOX. C/COSTURA T-316 DE 114.3 X 06.0 MM. (4"" CED. 40)",
TCC340AI316,"TUBO A/INOX. C/COSTURA T-316 DE 088.9 X 05.5 MM. (3"" CED. 40)",
THD6,"TUBO DE HIERRO DULCTIL DE 150 MM. (6"")",
THD10,"TUBO DE HIERRO DULCTIL CLASE 50 DE 250 MM. (10"")",
TSC1160GR,"TUBO DE ACERO AL CARBON SIN COSTURA 033.4 X 06.4 MM. GALV. ROSC. (1"" CED. 160)",
TSC11/2160GR,"TUBO DE ACERO AL CARBON SIN COSTURA 048.3 X 07.1 MM. GALV. ROSC. (1 1/2"" CED. 160)",
SOP6TOLB3092,"SOPORTE TOLCO DE SILLIN TUBO AJUSTABLE C/YUGO DE 152 MM. MOD. B3092 (6"")",
TCC3030,"TUBO DE ACERO AL CARBON CON COSTURA DE 762 X 15.88 MM. (30"" CED. 30)",
TCC24X15.88,"TUBO DE ACERO AL CARBON CON COSTURA DE 610 X 15.88 MM. (24"" X 0.625"")",
TPVC340DWV,"TUBO DE PVC DWV DE 076 MM. ABOC (3"" CED. 40)",
TCC21/210E,"TUBO DE A/C C/C DE 073.0 X 03.0 MM. LISO (2 1/2"" CED. 10)",
TPVC1240DWV,"TUBO DE PVC DE 305 MM. DWV (12"" CED. 40)",
TSC310AI316,"TUBO A/INOX. S/COSTURA T-316 DE 088.9 X 03.1 MM. (3"" CED. 10)",
TSC11/210AI316,"TUBO A/INOX. S/COSTURA T-316 DE 048.3 X 02.1 MM. (1 1/2"" CED. 10)",
TSC110AI316,"TUBO A/INOX. S/COSTURA T-316 DE 033.4 X 02.7 MM. (1"" CED 10)",
TSC3/410AI316,"TUBO A/INOX. S/COSTURA T-316 DE 026.7 X 02.1 MM (3/4"" CED 10)",
TSC1/210AI316,"TUBO A/INOX. S/COSTURA T-316 DE 021.3 X 02.1 MM. (1/2"" CED 10)",
TSC1260E,"TUBO DE ACERO AL CARBON SIN COSTURA 323.8 X 14.3 MM. (12"" CED. 60)",
TSC2060E,"TUBO DE ACERO AL CARBON SIN COSTURA 508 X 20.6 MM. (20"" CED. 60)",
TSC18X12.7E,"TUBO DE ACERO AL CARBON SIN COSTURA 457 X 12.7 MM. (18"" X 1/2"")",
TSC16100E,"TUBO DE ACERO AL CARBON SIN COSTURA 406.4 X 26.2 MM. (16"" CED. 100)",
TSC3/4XXSE,"TUBO DE ACERO AL CARBON SIN COSTURA 026.7 X 07.8 MM. (3/4"" CED. XXS)",
TSC1XXSE,"TUBO DE ACERO AL CARBON SIN COSTURA 033.4 X 09.1 MM. (1"" CED. XXS)",
THD4,"TUBO DE HIERRO DULCTIL DE 100 MM. (4"")",
TAJUSTE21/2,"TUBO DE AJUSTE TOLCO DE 064 MM. (2 1/2"") B3089",
TPVC380,"TUBO DE PVC DE 075 MM. (3"" CED. 80)",
TPPR20,TUBO DE POLIPROPILENO PLUS DE 020 MM.,
TPPR25,TUBO DE POLIPROPILENO PLUS DE 025 MM.,
TPPR32,TUBO DE POLIPROPILENO PLUS DE 032 MM.,
TPPR40,TUBO DE POLIPROPILENO PLUS DE 040 MM.,
TPPR50,TUBO DE POLIPROPILENO PLUS DE 050 MM.,
TSC340TM,"TUBO DE ACERO AL CARBON SIN COSTURA 088.9 X 05.5 MM. (3"" CED. 40)",
TSC4120E,"TUBO DE ACERO AL CARBON SIN COSTURA 114.3 X 11.1 MM. (4"" CED. 120)",
SOPANT2AF411,"SOPORTE ANTISISMICO AF411 P TUBO DE 051 MM. (2"")",
TCR1M,"TUBO DE COBRE RIGIDO DE 025 MM. TIPO M (1"")",
TSC1/240AI316,"TUBO A/INOX. S/COSTURA T-316 DE 021.3 X 02.7 MM. (1/2"" CED 40)",
TSC3/440AI316,"TUBO A/INOX. S/COSTURA T-316 DE 026.7 X 02.9 MM. (3/4"" CED 40)",
TSC140AI316,"TUBO A/INOX. S/COSTURA T-316 DE 033.4 X 03.4 MM. (1"" CED 40)",
TSC21/2XXSE,"TUBO DE ACERO AL CARBON SIN COSTURA 073.0 X 14.0 MM. (2 1/2"" CED. XXS)",
TSC10X42.01E,"TUBO DE ACERO AL CARBON SIN COSTURA 273.1 X 42.01 MM. (10"" x 1.654"")",
TCC240REPOL,"TUBO DE ACERO AL CARBON CON COSTURA DE 060.3 X 03.9 MM. R. POL. (2"" CED. 40)",
TCC340REPOL,"TUBO DE ACERO AL CARBON CON COSTURA DE 088.9 X 05.5 MM. R. POL. (3"" CED. 40)",
TCC840REPOL,"TUBO DE ACERO AL CARBON CON COSTURA DE 219.1 X 08.2 MM. R. POL. (8"" CED. 40)",
TCC440REPOL,"TUBO DE ACERO AL CARBON CON COSTURA DE 114.3 X 06.0 MM. R. POL. (4"" CED. 40)",
TCC1040REPOL,"TUBO DE ACERO AL CARBON CON COSTURA DE 273.1 X 09.3 MM. R. POL. (10"" CED. 40)",
TCC12X9.5REPOL,"TUBO DE ACERO AL CARBON CON COSTURA DE 324 X 09.5 MM. R. POL. (12"" X 3/8"")",
TCC1430REPOL,"TUBO DE ACERO AL CARBON CON COSTURA DE 356 X 09.5 MM. R. POL. (14"" CED. 30)",
TCC18X9.5REPOL,"TUBO DE ACERO AL CARBON CON COSTURA DE 457 X 09.5 MM. R. POL. (18"" X 3/8"")",
TCC1630REPOL,"TUBO DE ACERO AL CARBON CON COSTURA DE 406 X 09.5 MM. R. POL. (16"" CED. 30)",
TCC2020REPOL,"TUBO DE ACERO AL CARBON CON COSTURA DE 508 X 09.5 MM. R. POL. (20"" CED. 20)",
TCC2420REPOL,"TUBO DE ACERO AL CARBON CON COSTURA DE 610 X 09.5 MM. R. POL. ( 24"" CED. 20 )",
TCC240FBE,"TUBO DE ACERO AL CARBON CON COSTURA DE 060.3 X 03.9 MM. FBE (2"" CED. 40)",
TCC340FBE,"TUBO DE ACERO AL CARBON CON COSTURA DE 088.9 X 05.5 MM. FBE (3"" CED. 40)",
TCC840FBE,"TUBO DE ACERO AL CARBON CON COSTURA DE 219.1 X 08.2 MM. FBE (8"" CED. 40)",
TCC1040FBE,"TUBO DE ACERO AL CARBON CON COSTURA DE 273.1 X 09.3 MM. FBE (10"" CED. 40)",
TCC12X9.5FBE,"TUBO DE ACERO AL CARBON CON COSTURA DE 324 X 09.5 MM. FBE (12"" X 3/8"")",
TCC1430FBE,"TUBO DE ACERO AL CARBON CON COSTURA DE 356 X 09.5 MM. FBE (14"" CED. 30)",
TCC1630FBE,"TUBO DE ACERO AL CARBON CON COSTURA DE 406 X 09.5 MM. FBE (16"" CED. 30)",
TCC18X9.5FBE,"TUBO DE ACERO AL CARBON CON COSTURA DE 457 X 09.5 MM. FBE (18"" X 3/8"")",
TSC280REPOL,"TUBO DE ACERO AL CARBON SIN COSTURA 060.3 X 05.5 MM. REC. POL. (2"" CED. 80)",
TSC21/240TM,"COT. ART. R01350001 TUBO DE ACERO AL CARBON SIN COSTURA 073.0 X 05.2 MM. (2 1/2"" CED. 40)",
TSC11/240TM,"COD. ART R01650001 TUBO DE ACERO AL CARBON SIN COSTURA 048.3 X 03.7 MM. (1 1/2"" CED. 40)",
TSC1240TM,"TUBO DE ACERO AL CARBON SIN COSTURA 323.8 X 10.3 MM. (12"" CED. 40)",
TPPR60,TUBO DE POLIPROPILENO PLUS DE 060 MM.,
TPPR75,TUBO DE POLIPROPILENO PLUS DE 075 MM.,
TCR1/2K,"TUBO DE COBRE RIGIDO DE 013 MM. TIPO K (1/2"")",
THDPE12RD13.5,"TUBO DE HDPE DE 305 MM. RD 13.5 (12"")",
TCC240ULFM,TUBO DE A/C C/C DE 060.3 X 03.9 MM. (2 CED. 40) UL/FM,
TCC11/240RAULFM,TUBO DE A/C C/C DE 048.3 X 03.7 MM. RAN. (1 1/2 CED. 40) UL/FM,
TCC21/240RAULFM,TUBO DE A/C C/C DE 073.0 X 05.2 MM. RAN. (2 1/2 CED. 40) UL/FM,
TCC1010RA,TUBO DE A/C C/C DE 273.1 X 04.70 MM. ROJA RAN. (10 CED. 10) UL FM,
THDPE2RD9,"TUBO DE HDPE DE 051 MM. RD 9 (2 "") ",
TPPR20PN16GF,"TUBO PPR VERDE PN16 D020 1/2"" GFHAKAN 4002002004021",
TPPR25PN16GF,"TUBO PPR VERDE PN16 D025 3/4"" GFHAKAN 4002002504121",
TPPR32PN16GF,"TUBO PPR VERDE PN16 D032 1"" GFHAKAN 4002003204221",
TPPR40PN16GF,"TUBO PPR VERDE PN16 D040  1 1/4"" GFHAKAN 4002004004321",
TPPR50PN16GF,"TUBO PPR VERDE PN16 D050 1 1/2"" GFHAKAN 4002005004421",
TPPR63PN16GF,"TUBO PPR VERDE PN16 D063 2"" GFHAKAN 4002006304521",
TPPR75PN16GF,"TUBO PPR VERDE PN16 D075 2 1/2"" GFHAKAN 4002007504621",
TPPR90PN16GF,"TUBO PPR VERDE PN16 D090 3"" GFHAKAN 4002009001021",
TPPR110PN16GF,"TUBO PPR VERDE PN16 D110 4"" GFHAKAN 4002011001021",
TPPR125PN16GF,"TUBO PPR VERDE PN16 D125 5"" GFHAKAN 4002012500921",
TCPVC3/4RD13.5BLZGF,"TUBO DE CPVC RD 13.5 DE 3/4"" H1350075CO1500 ",
TCPVC1RD13.5BLZGF,"TUBO DE CPVC RD 13.5 DE 1"" H1350100CO1500 ",
TCPVC11/4RD13.5BLZGF,"TUBO DE CPVC RD 13.5 DE 1-1/4"" H1350125CO1500 ",
TCPVC11/2RD13.5BLZGF,"TUBO DE CPVC RD 13.5 DE 1-1/2"" H1350150CO1500 ",
TCPVC2RD13.5BLZ15FT,"TUBO DE CPVC RD 13.5 DE 2"" 15FT H1350200CO1500",
TCPVC21/2RD13.5BLZGF,"TUBO DE CPVC RD 13.5 DE 2-1/2"" H1350250CO1500",
TCPVC3RD13.5BLZGF,"TUBO DE CPVC RD 13.5 DE 3"" H1350300CO1500 ",
TSC3/480REPOL,"TUBO DE ACERO AL CARBON SIN COSTURA 026.7 X 03.9 MM. REC. POL. (3/4"" CED. 80)",
TSC180REPOL,"TUBO DE ACERO AL CARBON SIN COSTURA 033.4 X 04.6 MM. REC. POL. (1"" CED. 80)",
TSC340REPOL,"TUBO DE ACERO AL CARBON SIN COSTURA 088.9 X 05.5 MM. REC. POL. (3"" CED. 40)",
TSC640REPOL,"TUBO DE ACERO AL CARBON SIN COSTURA 168.3 X 07.1 MM. REC. POL. (6"" CED. 40)",
TCC640REPOL,"TUBO DE ACERO AL CARBON CON COSTURA DE 168.3 X 07.1 MM. RECUB. POLYURETANO (6"" CED. 40)",
TPVC4RD26HABOC,"TUBO DE PVC DE 102 MM. HID. ABOC. (4"" RD 26)",
TPVC640HABOC,"TUBO DE PVC DE 152 MM. HID. ABOC. (6"" CED. 40)",
TPVC3/4R26HABOC,"TUBO DE PVC DE 019 MM. HID. ABOC. (3/4"" RD 26)",
TPVC24ALCS25,"TUBO ALCANTARILLADO SIST. METRICO SERIE 25 C/CAMP. DE 630 MM (24"")",
TCC3/410AI316,"TUBO A/INOX. C/COSTURA T-316 DE 026.7 X 02.1 MM. (3/4"" CED 10)",
TSC680PSL2,"TUBO DE ACERO AL CARBON SIN COSTURA 168.3 X 11.0 MM. PSL2 (6"" CED. 80)",
TPVC18ALCS25,"TUBO ALCANTARILLADO SIST. METRICO SERIE 25 C/CAMP. DE 450 MM (18"")",
TCC610RJARATME,"TUBO DE A/C C/C DE 168.3 X 03.4 MM. ROJA RAN. (6"" CED. 10)",
TCC1/240E,"TUBO DE ACERO AL CARBON CON COSTURA DE 021.3 X 02.8 MM. (1/2"" CED. 40)",
TCC3/440E,"TUBO DE ACERO AL CARBON CON COSTURA DE 026.7 X 02.9 MM. (3/4"" CED. 40)",
TCC11/240E,"TUBO DE ACERO AL CARBON CON COSTURA DE 048.3 X 03.7 MM. (1 1/2"" CED. 40)",
TPVC640DWVATM,"TUBO DE PVC DE 152 MM. DWV ABOC (6"" CED. 40)",
TSC2160TM,"TUBO DE ACERO AL CARBON SIN COSTURA 060.3 X 08.7 MM. (2"" CED. 160)",
TSC1/2160AI316,"TUBO A/INOX. S/COSTURA T-316 DE 021.3 X 04.8 MM. (1/2"" CED 160)",
TCC240ROJA,"TUBO DE ACERO AL CARBON CON COSTURA DE 060.3 X 03.9 MM ROJA RANURADA ( 2"" CED 40 )",
TCC3/440RJA,"TUBO DE ACERO AL CARBON CON COSTURA DE 026.7 X 02.9 MM. ROJA (3/4"" CED. 40)",
TCC140RA,"TUBO DE ACERO AL CARBON CON COSTURA DE 033.4 X 03.4 MM. RAN (1"" CED. 40)",
TCC11/440RJA,"TUBO DE ACERO AL CARBON CON COSTURA DE 042.2 X 03.6 MM. ROJA (1 1/4"" CED. 40)",
TCC340RJA,"TUBO DE ACERO AL CARBON CON COSTURA ROJO BERM UL/FM  DE 088.9 X 05.5 MM. (3"" CED. 40)",
TCC640RJA,"TUBO DE ACERO AL CARBON CON COSTURA DE 168.3 X 07.1 MM. ROJA (6"" CED. 40)",
TSC840REPOL,"TUBO DE ACERO AL CARBON SIN COSTURA 219.1 X 08.2 MM. REC. POL. (8"" CED. 40)",
TSC1040REPOL,"TUBO DE ACERO AL CARBON SIN COSTURA 273.1 X 09.3 MM. REC. POL. (10"" CED. 40)",
TSC12X9.5REPOL,"TUBO DE ACERO AL CARBON SIN COSTURA 323.8 X 09.5 MM. REC. POL. (12"" X 3/8"")",
TSC1430REPOL,"TUBO DE ACERO AL CARBON SIN COSTURA 355.6 X 09.6 MM. REC. POL. (14"" CED. 30)",
TSC1630REPOL,"TUBO DE ACERO AL CARBON SIN COSTURA 406.4 X 09.6 MM. REC. POL. (16"" CED. 30)",
TSC2020REPOL,"TUBO DE ACERO AL CARBON SIN COSTURA 508 X 09.5 MM. REC. POL. (20"" CED. 20)",
TSC2420REPOL,"TUBO DE ACERO AL CARBON SIN COSTURA 610 X 09.5 MM. REC. POL. (24"" CED. 20)",
TSC1/280REPOL,"TUBO DE ACERO AL CARBON SIN COSTURA 021.3 X 03.7 MM. REC. POL. (1/2"" CED. 80)",
TSC11/280REPOL,"TUBO DE ACERO AL CARBON SIN COSTURA 048.3 X 05.1 MM. REC. POL. (1 1/2"" CED. 80)",
TCC1/240RJA,"TUBO DE ACERO AL CARBON CON COSTURA DE 021.3 X 02.8 MM. ROJA (1/2"" CED. 40)",
TCC1040A500,"TUBO DE ACERO AL CARBON CON COSTURA DE 273.1 X 09.3 MM. A-500 (10"" CED. 40)",
TCC1440A500,"TUBO DE ACERO AL CARBON CON COSTURA DE 356 X 11.1 MM. A-500 (14"" CED. 40)",
TSC340GR,"TUBO DE ACERO AL CARBON SIN COSTURA 088.9 X 05.5 MM. GALV. ROSC. (3"" CED. 40)",
TSC3/480GR,"TUBO DE ACERO AL CARBON SIN COSTURA 026.7 X 03.9 MM. GALV. ROSC. (3/4"" CED. 80)",
TSC3/440TM,"TUBO DE ACERO AL CARBON SIN COSTURA 026.7 X 02.9 MM. (3/4"" CED. 40)",
TPVC10CED40H,"TUBO DE PVC HID. DE 254 MM.  (10"" CED. 40)",
TPVC8CED40H,"TUBO DE PVC HID. DE 203 MM.  (8"" CED. 40)",
TPVC6CED40H,"TUBO DE PVC HID. DE 152 MM.  (6"" CED. 40)",
TPVC4DWVFC,"TUBO DE PVC DE 102 MM. DWV FC (4"")",
TPVC6DWVFC,"TUBO DE PVC DE 152 MM. DWV FC (6"")",
TSC540G,"TUBO DE ACERO AL CARBON SIN COSTURA 141.3 X 06.5 MM. GALV. (5"" CED. 40)",
TCPVC1/280CORZAN,"TUBO DE CPVC CORZAN DE 013 MM.  (1/2"" CED. 80) ",
TCPVC3/480CORZAN,"TUBO DE CPVC CORZAN DE 019 MM.  (3/4"" CED. 80)",
TCPVC180CORZAN,"TUBO DE CPVC CORZAN DE 025 MM.  (1"" CED. 80)",
TCPVC11/480CORZAN,"TUBO DE CPVC CORZAN DE 032 MM.  (1 1/4"" CED. 80)",
TCPVC11/280CORZAN,"TUBO DE CPVC CORZAN DE 038 MM.  (1 1/2"" CED. 80)",
TCPVC680CORZAN,"TUBO DE CPVC CORZAN DE 152 MM.  (6"" CED. 80)",
TCPVC880CORZAN,"TUBO DE CPVC CORZAN DE 203 MM.  (8"" CED. 80)",
TCPVC1/280CORZANA,"TUBO DE CPVC CORZAN DE 013 MM. AISLADO  (1/2"" CED. 80)",
TCPVC3/480CORZANA,"TUBO DE CPVC CORZAN DE 019 MM. AISLADO (3/4"" CED. 80)",
TCPVC180CORZANA,"TUBO DE CPVC CORZAN DE 025 MM. AISLADO (1"" CED. 80)",
TCPVC11/480CORZANA,"TUBO DE CPVC CORZAN DE 032 MM. AISLADO (1 1/4"" CED. 80)",
TCPVC11/280CORZANA,"TUBO DE CPVC CORZAN DE 038 MM. AISLADO (1 1/2"" CED. 80)",
TCPVC280CORZANA,"TUBO DE CPVC CORZAN DE 051 MM. AISLADO  (2"" CED. 80) ",
TCPVC280CORZANA,"TUBO DE CPVC CORZAN DE 064 MM. AISLADO (2 1/2"" CED. 80)",
TCPVC380CORZANA,"TUBO DE CPVC CORZAN DE 076 MM. AISLADO (3"" CED. 80)",
TCPVC480CORZANA,"TUBO DE CPVC CORZAN DE 102 MM. AISLADO (4"" CED. 80)",
TCPVC680CORZANA,"TUBO DE CPVC CORZAN DE 152 MM. AISLADO (6"" CED. 80)",
TCPVC880CORZANA,"TUBO DE CPVC CORZAN DE 203 MM. AISLADO (8"" CED. 80)",
TPVC240,"TUBO DE PVC DE 051 MM. (2"" CED. 40)",
TPVC840,"TUBO DE PVC DE 203 MM. (8"" CED. 40)",
TPVC1040,"TUBO DE PVC DE 254 MM. (10"" CED. 40)",
TSC3/840AI304,"TUBO A/INOX. C/COSTURA T-304 DE 017.1 X 02.3 MM. (3/8"" CED. 40)",
TSC610AI316,"TUBO A/INOX. S/COSTURA T-316 DE 168.3 X 03.4 MM. (6"" CED. 10)",
TSC540RA,"TUBO DE ACERO AL CARBON SIN COSTURA 141.3 X 06.5 MM. RAN. (5"" CED. 40)",
TSC1680TM,"TUBO DE ACERO AL CARBON SIN COSTURA 406.4 X 21.4 MM. (16"" CED. 80)",
TSC2080TM,"TUBO DE ACERO AL CARBON SIN COSTURA 508 X 26.2 MM. (20"" CED. 80)",
TSC1/280TM,"COD. ART. R03040003 TUBO DE ACERO AL CARBON SIN COSTURA 021.3 X 03.7 MM. (1/2"" CED. 80)",
TSC1080TM,"TUBO DE ACERO AL CARBON SIN COSTURA 273.1 X 15.1 MM. (10"" CED. 80)",
TSC540E,"TUBO DE ACERO AL CARBON SIN COSTURA 141.3 X 06.5 MM. (5"" CED. 40)",
TSC640E,"TUBO DE ACERO AL CARBON SIN COSTURA 168.3 X 07.1 MM. (6"" CED. 40)",
TSC1040E,"TUBO DE ACERO AL CARBON SIN COSTURA 273.1 X 09.3 MM. (10"" CED. 40)",
TPVC11/240,"TUBO DE PVC DE 038 MM. (1 1/2"" CED. 40)",
TCC1/440R,"TUBO DE ACERO AL CARBON CON COSTURA DE 013.7 X 02.2 MM. ROSC. (1/4"" CED. 40)",
TCC21/2DFRJARA,"TUBO DE A/C C/C DE 073.0 MM. CED. 7 RAN. ROJA (2 1/2"") DF",
TSC1860,"TUBO DE ACERO AL CARBON SIN COSTURA 457 X 19.5 MM. (18"" CED. 60)",
CP12F905,"COPLE PARA TUBO DE HDPE VICTAULIC FIGURA 905 DE 305 MM. (12"")",
TSC840GLTM,"TUBO DE ACERO AL CARBON SIN COSTURA 219.1 X 08.2 MM. GALV. LISO (8"" CED. 40)",
TSC880TM,"TUBO DE ACERO AL CARBON SIN COSTURA 219.1 X 12.7 MM. (8"" CED. 80)",
TFLEX3/4PVC,"TUBO FLEXIBLE DE ACERO DE 019 MM. FORRADO PVC (3/4"")",
TFLEX3/4ZAPA,"TUBO FLEXIBLE DE ACERO DE 019 MM. ZAPA (3/4"")",
CON1PVC,"CONECTOR PARA TUBO DE PVC PESADO DE 025 MM (1"")",
CP1TPVCP,"COPLE PARA TUBO CONDUIT DE PVC PESADO DE 025 MM (1"")",
TPVC1/2CED40HID,"TUBO DE PVC HID. DE 13 MM. (1/2"" CED. 40)",
TCPVC3/440HID,"TUBO DE CPVC HID  DE 019 MM.   ( 3/4""  CED. 40 )",
TCC4DFRJATM,"TUBO DE A/C C/C DE 114.3 MM. CED. 7 ROJO (4"") SPS",
TPVC4C900DR18,"TUBO DE PVC DR18 C900 UL/FM 100MM ( 4"") ",
TFLEX1/2PVC,"TUBO FLEXIBLE DE ACERO DE 013 MM. FORRADO PVC (1/2"")",
CCU1/2,"CONECTOR CURVO PARA TUBO FLEXIBLE DE 013 MM. (1/2"") ",
CP3/4TPVCP,"COPLE PARA TUBO CONDUIT DE PVC PESADO DE 019 MM (3/4"")",
TCC11/440RA,"TUBO DE ACERO AL CARBON CON COSTURA DE 042.2 X 03.6 MM. RAN. (1 1/4"" CED. 40)",
TCC3/440GLTM,"COD ART R01920001 TUBO DE ACERO AL CARBON CON COSTURA DE 026.7 X 02.9 MM. GALV. LISO (3/4"" CED. 40)",
TPVC4CED80HID,"TUBO DE PVC HID. DE 102 MM.  (4"" CED. 80)",
TSC11/210AI304,"TUBO A/INOX. S/COSTURA T-304 DE 048.3 X 02.8 MM. (1 1/2"" CED. 10)",
TSC3/410AI304,"TUBO A/INOX. S/COSTURA T-304 DE 026.7 X 02.1 MM. (3/4"" CED. 10)",
TCC140ULFM,"TUBO DE A/C C/C DE 033.4 X 03.4 MM. (1"" CED. 40) UL FM",
TCC11/440ULFM,TUBO DE A/C C/C DE 042.2 X 03.6 MM. (1 1/4 CED. 40) UL/FM,
TPVC440DWVTR,"TUBO DE PVC DWV DE 102 MM. (4"" CED. 40) 2030233 TR",
TSC1040TM,"TUBO DE ACERO AL CARBON SIN COSTURA 273.1 X 09.3 MM. (10"" CED. 40)",
CP21/2F905,"COPLE PARA TUBO DE HDPE VICTAULIC FIGURA 905 DE 064 MM. (2 1/2"")",
CP8F905,"COPLE PARA TUBO DE HDPE VICTAULIC FIGURA 905 DE 203 MM. (8"")",
VCP3F794KIT,"VALV. CONTROLADORA DE PRESION VICTAULIC FIGURA 794 DE 076 MM. BRID. (3"") C/RANGO 2.9-11.6 PSI INC. TUBO CAPILAR V030794116",
VCP21/2F794KIT,"VALV. CONTROLADORA DE PRESION VICTAULIC FIGURA 794 DE 064 MM. BRID. (2 1/2"") C/RANGO 2.9-11.6 PSI INC. TUBO CAPILAR V024794116",
VCP2F793KIT,"VALV. CONTROLADORA DE PRESION VICTAULIC FIGURA 793 DE 051 MM. (2"") INC. TUBO CAPILAR V020793CBV",
TSC1080SAI304,"TUBO A/INOX. S/COSTURA T-304 DE 273.1 X 12.7 MM. (10"" CED. 80S)",
TCC340ULFM,TUBO DE A/C C/C DE 088.9 X 05.5 MM. (3 CED. 40) UL/FM,
CP2F905,"COPLE PARA TUBO DE HDPE VICTAULIC FIGURA 905 DE 051 MM. (2"")",
TCC6GRYC,"TUBO A/C CON COSTURA DE 168.3 PARED GRUESA  PESADO GALV. ROSC. (6"" CONDUIT) CON COPLE",
TSC3XXS,"TUBO DE ACERO AL CARBON SIN COSTURA 088.9 X 15.2 MM. (3"" CED. XXS)",
TCC3/440TM,"TUBO DE ACERO AL CARBON CON COSTURA DE 026.7 X 02.9 MM. (3/4"" CED. 40)",
TSC180TM,"TUBO DE ACERO AL CARBON SIN COSTURA 033.4 X 04.6 MM. (1"" CED. 80)",
TCC11/440RA,"TUBO DE ACERO AL CARBON CON COSTURA DE 042.2 X 03.6 MM. RANURADO (1 1/4"" CED. 40)",
TCC11/440GL,"TUBO DE ACERO AL CARBON CON COSTURA  DE 042.2 X 03.6 MM. GALV. LISO (1 1/4"" CED. 40)",
TCPVC11/4BLAZE,"TUBO DE CPVC DE 032 MM. BLAZE (1 1/4"")",
TCPVC21/280CORZAN,"TUBO DE CPVC CORZAN DE 064 MM.  (2 1/2"" CED. 80)",
TCC210AI316,"TUBO A/INOX. C/COSTURA T-316 DE 060.3 X 02.8 MM. (2"" CED. 10)",
TCC11/210AI316,"TUBO A/INOX. C/COSTURA T-316 DE 048.3 X 02.1 MM. (1 1/2"" CED. 10)",
TCC110AI316,"TUBO A/INOX. C/COSTURA T-316 DE 033.4 X 02.8 MM. (1"" CED 10)",
TCC1820,"TUBO DE ACERO AL CARBON CON COSTURA DE 457 X 7.92 MM. (18"" CED. 20)",
TSC3/480AI304,"TUBO A/INOX. S/COSTURA T-304 DE 026.7 X 03.9 MM. (3/4"" CED. 80)",
TSC640GRA,"TUBO DE ACERO AL CARBON SIN COSTURA 168.3 X 07.1 MM. GALV. RAN (6"" CED. 40)",
TSC440GRA,"TUBO DE ACERO AL CARBON SIN COSTURA 114.3 X 06.0 MM. GALV. RAN (4"" CED. 40)",
TSC21/240GRA,"TUBO DE ACERO AL CARBON SIN COSTURA 073.0 X 05.2 MM. GALV. RAN (2 1/2"" CED. 40)",
TSC11/440GRA,"TUBO DE ACERO AL CARBON SIN COSTURA 042.2 X 03.6 MM. GALV. RAN (1 1/4"" CED. 40)",
TSC240GRA,"TUBO DE ACERO AL CARBON SIN COSTURA 060.3 X 03.9 MM. GALV. RAN. (2"" CED. 40)",
TCC31/20AI316,"TUBO A/INOX. C/COSTURA T-316 DE 101.6 X 4.33 MM. (3 1/2"" CED. 10)",
TCC210AI316TM,"TUBO A/INOX. C/COSTURA T-316 DE 60.3 X 2.8 MM. (2"" CED. 10)",
TCC11/210AI316TM,"TUBO A/INOX. C/COSTURA T-316 DE 48.3 X 2.08 MM. (1 1/2"" CED. 10)",
TCC110AI316TM,"TUBO A/INOX. C/COSTURA T-316 DE 33.4 X 2.77 MM (1"" CED 10)",
TCC1620TM,"TUBO DE ACERO AL CARBON CON COSTURA DE 406 X 07.9 MM. (16"" CED. 20)",
TCC1820TM,"TUBO DE ACERO AL CARBON CON COSTURA DE 457 X 7.92 MM. (18"" CED. 20)",
TCC1820TM,"TUBO DE ACERO AL CARBON CON COSTURA DE 457 X 7.92 MM. (18"" CED. 20)",
TSC140TM,"TUBO DE ACERO AL CARBON SIN COSTURA 033.4 X 03.4 MM. (1"" CED. 40)",
TSC440TM,"TUBO DE ACERO AL CARBON SIN COSTURA 114.3 X 06.0 MM. (4"" CED. 40)",
TCC1/240TM,"TUBO DE ACERO AL CARBON CON COSTURA DE 021.3 X 02.8 MM. (1/2"" CED. 40)",
TCC1420TM,"TUBO DE ACERO AL CARBON CON COSTURA DE 356 X 07.9 MM. (14"" CED. 20)",
TCC840TM,"TUBO DE ACERO AL CARBON CON COSTURA DE 219.1 X 08.2 MM. (8"" CED. 40)",
TCC140GRTM,"TUBO DE ACERO AL CARBON CON COSTURA DE 033.4 X 03.4 MM. GALV. ROSC.(1"" CED. 40)",
TCC21/240GRTM,"TUBO DE ACERO AL CARBON CON COSTURA DE 073.0 X 05.2 MM. GALV. ROSC. (2 1/2"" CED. 40)",
TCC240GRTM,"TUBO DE ACERO AL CARBON CON COSTURA DE 060.3 X 03.9 MM. GALV. ROSC. (2"" CED. 40)",
TCC1/240GRTM,"TUBO DE ACERO AL CARBON CON COSTURA DE 021.3 X 02.8 MM. GALV. ROSC. (1/2"" CED. 40)",
TCC3/440GRTM,"TUBO DE ACERO AL CARBON CON COSTURA DE 026.7 X 02.9 MM. GALV. ROSC. (3/4"" CED. 40)",
TCC1020TM,"TUBO DE ACERO AL CARBON CON COSTURA DE 273.1 X 06.3 MM. (10"" CED. 20)",
TSC180TM1,"COD. ART. R03060005 TUBO DE ACERO AL CARBON SIN COSTURA ASTM A53 GR. A 033.4 X 04.6 MM. (1"" CED. 80) ASTM A53 PARA USO ESTRUCTURAL",
TCPVC2RD13.5BLZ10FT,"TUBO DE CPVC RD 13.5 DE 2"" 10FT H1350200CO1500",
TSC1830,"TUBO DE ACERO AL CARBON SIN COSTURA 457 X 11.1 MM. (18"" CED. 30)",
TCC18X1/4,"TUBO DE ACERO AL CARBON CON COSTURA DE 457 X 0.250 MM. (18"" X 1/4"")",
TSC240RA,"TUBO DE ACERO AL CARBON SIN COSTURA 060.3 X 03.9 MM. RAN. (2"" CED. 40)",
TSC11/440RA,"TUBO DE ACERO AL CARBON SIN COSTURA 042.2 X 03.6 MM. RAN. (1 1/4"" CED. 40)",
TSC140RA,"TUBO DE ACERO AL CARBON SIN COSTURA 033.4 X 03.4 MM. RAN. (1"" CED. 40)",
TPVC1440,"TUBO DE PVC DE 305 MM. DWV (14"" CED. 40) ",
TSC140RA,"TUBO DE ACERO AL CARBON SIN COSTURA 033.4 X 03.4 MM. RAN. (1"" CED. 40)",
TSC11/440RA,"TUBO DE ACERO AL CARBON SIN COSTURA 042.2 X 03.6 MM. RAN. (1 1/4"" CED. 40)",
TCC11/410AI316,"TUBO A/INOX. C/COSTURA T-316 DE 42.2 X 2.08 MM. (1 1/4"" CED. 10)",
TCC60X9.5,"TUBO DE ACERO AL CARBON CON COSTURA DE 1524 X 09.5 MM. (60"" X 3/8"")",
TSC1/280CH,"TUBO DE ACERO AL CARBON SIN COSTURA 021.3 X 03.7 MM. (1/2"" CED. 80)",
TSC2420E,"TUBO DE ACERO AL CARBON SIN COSTURA 610 X 09.5 MM. (24"" CED. 20)",
TPCS6S35,"TUBO DE POLIETILENO CORRUGADO DE 150 MM. SANIT. SERIE 35 (6"")",
TSC11/440AI304,"TUBO A/INOX. C/COSTURA T-304 DE 042.2 X 03.6 MM. (11/4"" CED 40)",
TCC60X9.5,"TUBO DE ACERO AL CARBON CON COSTURA DE 1524 X 9.5 MM. (60"" X .375"")",
TSC2420PSL2E,"TUBO DE ACERO AL CARBON SIN COSTURA 610 X 09.5 MM. PSL2 (24"" CED. 20)",
TCC11/240RA,"TUBO DE A/C C/C DE 048.3 X 02.8 MM. RAN. (1 1/2"" CED. 40)",
TSC3/440CH,"TUBO DE ACERO AL CARBON SIN COSTURA 026.7 X 02.9 MM. (3/4"" CED. 40)",
TSC11/440CH,"TUBO DE ACERO AL CARBON SIN COSTURA 042.2 X 03.6 MM. (1 1/4"" CED. 40)",
TSC11/240CH,"TUBO DE ACERO AL CARBON SIN COSTURA 048.3 X 03.7 MM. (1 1/2"" CED. 40)",
TSC11/280CH,"TUBO DE ACERO AL CARBON SIN COSTURA 048.3 X 05.1 MM. (1 1/2"" CED. 80)",
TPVC11/240HIDTM,"TUBO DE PVC DE 038 MM. HID. (11/2"" CED. 40)",
TPVC140HID,"TUBO DE PVC DE 025 MM. HID. (1"" CED. 40)",
TCPVC3/4CTS,"TUBO DE CPVC DE 019 MM. CTS (3/4"")",
TSC840TM,"COD. ART. R01490001 TUBO DE ACERO AL CARBON SIN COSTURA 219.1 X 08.2 MM. (8"" CED. 40)",
TSC1280TM,"TUBO DE ACERO AL CARBON SIN COSTURA 323.8 X 17.5 MM. (12"" CED. 80)",
TSC12X9.5TM,"TUBO DE ACERO AL CARBON SIN COSTURA 323.8 X 09.5 MM. (12"" X 3/8"")",
TSC12X9.5TM,"TUBO DE ACERO AL CARBON SIN COSTURA 323.8 X 09.5 MM. (12"" X 3/8"")",
TSC440TM,"COD.ART.R01130002 TUBO DE ACERO AL CARBON SIN COSTURA 114.3 X 06.0 MM. (4"" CED. 40)",
TSC680TM,"TUBO DE ACERO AL CARBON SIN COSTURA 168.3 X 11.0 MM. (6"" CED. 80)",
TSC2220,"TUBO DE ACERO AL CARBON SIN COSTURA 559 X 09.5 MM. (22"" CED. 20)",
TCC11/480TME,COD. ART. R03070003 TUBO DE ACERO AL CARBON CON COSTURA CED. 80 ASTM-A-53 GR. A DE 1 1/4 DE DIAMETRO,
TCC180TME,"COD. ART. R03060004 TUBO DE ACERO AL CARBON CON COSTURA CED. 80 ASTM-A-53 GR. A DE 1"" DE DIAMETRO",
TCC3/480TME,"COD. ART. R03050003 TUBO DE ACERO AL CARBON CON COSTURA CED. 80 ASTM-A-53 Gr. A DE 3/4"" DE DIAMETRO",
TCC11/480TME2,COD. ART. R03070001 TUBO DE ACERO AL CARBON CON COSTURA CED. 80 ASTM-A-53 GR. A DE 1 1/4 DE DIAMETRO,
TCC180TME2,"COD. ART. R03060001 TUBO DE ACERO AL CARBON CON COSTURA CED. 80 ASTM-A-53 GR. A DE 1"" DE DIAMETRO",
TCPVC21/2RD13.5BLZGF,"TUBO DE CPVC RD 13.5 DE 2-1/2"" H1350250CO1000",
TCC820TM,"TUBO DE ACERO AL CARBON CON COSTURA DE 219.1 X 06.3 MM. (8"" CED. 20)",
TSC11/440TM,"TUBO DE ACERO AL CARBON SIN COSTURA 6.3 X 03.6 MM. (1/4"" CED. 40)",
TCC1040TM,"TUBO DE ACERO AL CARBON CON COSTURA DE 273.1 X 09.3 MM. (10"" CED. 40)",
TPVC20040,TUBO DE PVC CED-40 DE 200 MM.,
TPVC10040,TUBO DE PVC CED-40 DE 100 MM.,
VCP4F794KIT,"VALV. CONTROLADORA DE PRESION VICTAULIC FIGURA 794 DE 102 MM. BRID. (4"") C/RANGO 2.9-11.6 PSI INC. TUBO CAPILAR V040794116",
TCC3/480TME3,"COD. ART. R03050001 TUBO DE ACERO AL CARBON CON COSTURA CED. 80 ASTM-A-53 Gr. A DE 3/4"" DE DIAMETRO",
TCC1860,"TUBO DE ACERO AL CARBON CON COSTURA LONG API 5L Gr. B ESP. 0.750 (18"" CED. 60)",
TCC60X9.5TM,"TUBO DE ACERO AL CARBON CON COSTURA DE 1524 X 9.5 MM. (60"" X .375"")",
TCPVC2RD13.5BLZ10FT,"TUBO DE CPVC RD 13.5 DE 2"" 10FT H1350200CO1500",
TCPVC21/2RD13.5BLZ10FT,"TUBO DE CPVC RD 13.5 DE 21/2"" 10FT H1350200CO1500",
TCPVC3RD13.5BLZ10FT,"TUBO DE CPVC RD 13.5 DE 3"" 10FT H1350200CO1500",
TCPVCRD13.5X25FG,TUBO DE CPVC FG RD 13.5 DE 025 MM.,
TCC440AI316TM,"COD. ART. R82110001 TUBO A/INOX. C/COSTURA T-316 DE 114.3 X 06.0 MM. (4"" CED. 40)",
TPVC1CONDUIVERDE,"TUBO DE PVC CONDUIT PESADO DE 013 MM. VERDE (1/2"")",
TPVC3/4CONDUIVERDE,"TUBO DE PVC CONDUIT PESADO DE 3MTS VERDE (3/4"")",
TPVC1CONDUIVERDE,"TUBO DE PVC CONDUIT PESADO DE 3MTS VERDE (1"") ",
TPVC11/4CONDUIVERDE,"TUBO DE PVC CONDUIT PESADO DE 3MTS VERDE (11/4"")",
TPVC11/2CONDUIVERDE,"TUBO DE PVC CONDUIT PESADO DE 3MTS VERDE (11/2"")",
TPVC2CONDUIVERDE,"TUBO DE PVC CONDUIT PESADO DE 3MTS VERDE (2"")",
TPVC21/2CONDUIVERDE,"TUBO DE PVC CONDUIT PESADO DE 3MTS VERDE (21/2"")",
TPVC280,"TUBO DE PVC DE 051 MM. (2"" CED. 80)",
TPVC4CONDUIVERDE,"TUBO DE PVC CONDUIT PESADO DE 3MTS VERDE (4"")",
TPVC6CONDUIVERDE,"TUBO DE PVC CONDUIT PESADO DE 3MTS VERDE (6"")",
CP1/2TPVCP,"COPLE PARA TUBO CONDUIT DE PVC PESADO VERDE DE 013 MM (1/2"")",
CP3/4TPVCP,"COPLE PARA TUBO CONDUIT DE PVC PESADO VERDE DE 019 MM (3/4"")",
CP1TPVCP,"COPLE PARA TUBO CONDUIT DE PVC PESADO VERDE DE 025 MM (1"")",
CP11/4TPVCP,"COPLE PARA TUBO CONDUIT DE PVC PESADO VERDE DE 032 MM (11/4"")",
CP11/2TPVCP,"COPLE PARA TUBO CONDUIT DE PVC PESADO VERDE DE 038 MM (11/2"")",
CP2TPVCP,"COPLE PARA TUBO CONDUIT DE PVC PESADO VERDE DE 051 MM (2"")",
CP21/2TPVCP,"COPLE PARA TUBO CONDUIT DE PVC PESADO VERDE DE 064 MM (21/2"")",
TCC3/440GL,"TUBO DE ACERO AL CARBON CON COSTURA DE 026.7 X 02.9 MM. GALV. LISO (3/4"" CED. 40)",
CP3TPVCP,"COPLE PARA TUBO CONDUIT DE PVC PESADO VERDE DE 076 MM (3"")",
CP4TPVCP,"COPLE PARA TUBO CONDUIT DE PVC PESADO VERDE DE 102 MM (4"")",
TSC340AI316,"TUBO A/INOX. S/COSTURA T-316 DE 088.9 X 05.5 MM. (3"" CED. 40)",
TSC11/480TM,"COD. ART. R03070001 TUBO DE ACERO AL CARBON SIN COSTURA 042.2 X 04.9 MM. (1 1/4"" CED. 80)",
ADA6MJ,"ADAPTADOR PARA TUBO DE BRIDA X MJ DE 6""",
ADA8MJ,"ADAPTADOR PARA TUBO DE BRIDA X MJ DE 8""",
TPVC140,"TUBO DE PVC DE 025 MM. (1"" CED. 40)",
TPVC240,"TUBO DE PVC DE 051 MM. (2"" CED. 40)",
TSC1/240CH1,"TUBO DE ACERO AL CARBON SIN COSTURA 021.3 X 02.8 MM. (1/2"" CED. 40)",
TPVC680,"TUBO DE PVC EXT. LISOS DE 6"" CED. 80",
TPVC480,"TUBO DE PVC EXT. LISOS DE 4"" CED. 80",
TCC130,"TUBO MECANICO CON COSTURA DE 033.4 X 02.9 MM. (1"" CED. 30)",
AD4MJXB,"ADAPTADOR PARA TUBO DE BRIDA X MJ DE 102 MM. (4"")",
TMO420,"TUBO DE ACERO AL CARBON CED.20 DE 102MM (4"" )",
TSC440AI316TM,"COD. ART. R97850001 TUBO A/INOX. S/COSTURA T-316 DE 114.3 X 06.0 MM. (4"" CED. 40)",
TPVC11/240,"TUBO DE PVC DE 038 MM. (1 1/2"" CED. 40)",
TSC280TM,"COD. ART. R033710001 TUBO DE ACERO AL CARBON SIN COSTURA ASTM-A 106 GR. B. DE 2"" CED. 80",
TCC440GRTM,"TUBO DE ACERO AL CARBON CON COSTURA CED.40 DE 102MM GALV. ROSC.(4"" CED.40)",
TCC340GRTM,"TUBO DE ACERO AL CARBON CON COSTURA CED.40 DE 075MM GALV. ROSC.(3"" CED.40)",
TCC21/240GRTM,"TUBO DE ACERO AL CARBON CON COSTURA CED.40 DE 064MM GALV. ROSC.(21/2"" CED.40)",
TCC240GRTM,"TUBO DE ACERO AL CARBON CON COSTURA CED.40 DE 051MM GALV. ROSC.(2"" CED.40)",
TCC11/240GRTM,"TUBO DE ACERO AL CARBON CON COSTURA CED.40 DE 038MM GALV. ROSC.(11/2"" CED.40)",
TCC11/440GRTM,"TUBO DE ACERO AL CARBON CON COSTURA CED.40 DE 032MM GALV. ROSC.(11/4"" CED.40)",
TCC140GRTM,"TUBO DE ACERO AL CARBON CON COSTURA CED.40 DE 025MM GALV. ROSC.(1"" CED.40)",
TCC1/210AI304,"TUBO A/INOX. C/COSTURA T-304 DE 021.3 X 02.1 MM. (1/2"" CED. 10)",
TCC180R,"TUBO DE ACERO AL CARBON CON COSTURA DE 033.4 X 04.6 MM. ROSCADO (1"" CED. 80)",
TCC280R,"TUBO DE ACERO AL CARBON CON COSTURA DE 060.3 X 05.5 MM. ROSCADO (2"" CED. 80)",
TCC11/280R,"TUBO DE ACERO AL CARBON CON COSTURA DE 048.3 X 05.1 MM. ROSCADO (1 1/2"" CED. 80)",
TCC11/480R,TUBO DE ACERO AL CARBON CON COSTURA DE 042.2 X 04.85 MM. ROSCADO (1 1/4 CED. 80),
TCC1010AI304,"TUBO A/INOX. C/COSTURA T-304 DE 273.1 X 04.2 MM. (10"" CED. 10)",
TCC11/410E,"TUBO DE A/C C/C DE 042.2 X 02.8 MM. LISO (1 1/4"" CED. 10) ",
TCC610E,"TUBO DE A/C C/C DE 168.3 X 03.4 MM. LISO (6"" CED. 10) SPS",
TCC11/440TMNC,"TUBO DE ACERO AL CARBON CON COSTURA DE 042.2 X 03.6 MM. (1 1/4"" CED. 40)",
TCC11/480TMNC,TUBO DE ACERO AL CARBON CON COSTURA DE 042.2 X 04.85 MM. (1 1/4 CED. 80),
TCC3DFNC,"TUBO DE A/C C/C DE 088.9 MM. CED. 7 LISO (3"") SPS",
TCC410RANC,"TUBO DE A/C C/C DE 114.3 X 03.0 MM. RAN. (4"" CED. 10)",
TCC21/210RANC,"TUBO DE A/C C/C DE 073.0 X 03.0 MM. RAN. (2 1/2"" CED. 10)",
TCC310RANC,"TUBO DE A/C C/C DE 088.9 X 03.0 MM. RAN. (3"" CED. 10)",
TCC3/480NC,"TUBO DE ACERO AL CARBON CON COSTURA DE 026.7 X 03.9 MM. (3/4"" CED. 80)",
TCC240NC,"TUBO DE ACERO AL CARBON CON COSTURA DE 060.3 X 03.9 MM. (2"" CED. 40)",
TCC340NC,"TUBO DE ACERO AL CARBON CON COSTURA DE 088.9 X 05.5 MM. (3"" CED. 40)",
TCC610RJARATMNC,"TUBO DE A/C C/C DE 168.3 X 03.4 MM. ROJA RAN. (6"" CED. 10)",
TCC210ENC,"TUBO DE A/C C/C DE 060.3 X 02.8 MM. ROJA RAN (2"" CED. 10)",
CP3F905,"COPLE PARA TUBO DE HDPE VICTAULIC FIGURA 905 DE 076 MM. (3"")",
TSC11/4X9.7TME,"COD. ART. R93940001 TUBO DE ACERO AL CARBON SIN COSTURA CED. XXS A-106 GR. B 042.2 X 09.7 MM. (1 1/4"" CED. XXS)",
TCC1020RA,"TUBO DE ACERO AL CARBON CON COSTURA DE 273.1 X 06.3 MM. RANURADO (10"" CED. 20)",
TCC1220RA,"TUBO DE ACERO AL CARBON CON COSTURA DE 324 X 06.3 MM. RANURADO (12"" CED. 20)",
TCPVC1/280CORZAN,"TUBO DE CPVC CORZAN DE 013 MM.  (1/2"" CED. 80)",
TCPVC3/480CORZAN,"TUBO DE CPVC CORZAN DE 019 MM. (3/4"" CED. 80)",
TCPVC180CORZAN,"TUBO DE CPVC CORZAN DE 025 MM. (1"" CED. 80)",
TCPVC11/480CORZAN,"TUBO DE CPVC CORZAN DE 032 MM. (1 1/4"" CED. 80)",
TCPVC11/280CORZAN,"TUBO DE CPVC CORZAN DE 038 MM. (1 1/2"" CED. 80)",
TCPVC280CORZAN,"TUBO DE CPVC CORZAN DE 051 MM. (2"" CED. 80)",
TPVC1080,"TUBO DE PVC DE 254 MM. (10"" CED. 80)",
TCC28X9.5,"TUBO DE ACERO AL CARBON CON COSTURA DE 711 X 09.5 MM. (28"" X 3/8"")",
TPVC3HID,"TUBO DE PVC HID. CED. 40 DE 076MM.  (3"")",
TPVC80,"TUBO DE PVC DE 203 MM. (8"" CED. 80)",
TPVC880,"TUBO DE PVC DE 203 MM. (8"" CED. 80)",
TSC31/280TM,"COD. ART. R03120003 TUBO DE ACERO AL CARBON SIN COSTURA 101.6 X 08.1 MM. (3 1/2"" CED. 80)",
TSC180CHTM,"COD. ART. R03060001 TUBO DE ACERO AL CARBON SIN COSTURA 033.4 X 04.6 MM. (1"" CED. 80)",
TSC3/480CHTM,"COD.ART.R03050001 TUBO DE ACERO AL CARBON SIN COSTURA 026.7 X 03.9 MM. (3/4"" CED. 80)",
TSC5120TM,"COD. ART. R96010006 TUBO DE ACERO AL CARBON SIN COSTURA ASTM A-53 GR. B DE 5"" CED. 120.",
TCPVC1X6.10CTS,"TUBO DE CPVC  CTS  DE 025 MM.  (1"" X 6.10)",
TCPVC11/4X6.10CTS,"TUBO DE CPVC  CTS  DE 025 MM.  (11/4"" X 6.10 )",
TCPVC11/2X6.10CTS,"TUBO DE CPVC  CTS  DE 025 MM.  (11/2"" X 6.10 )",
TCPVC2CTS,"TUBO DE CPVC DE 025 MM. CTS (2"")",
TPPR63PN16GFTM,"TUBO PPR VERDE PN16 D063 2"" GFHAKAN 4002006304521",
TC3/4L,"TUBO DE COBRE  DE 019 MM. TIPO L (3/4"")",
TCPVC2FG,"TUBO DE CPVC FLOWGUARD DE 051 MM.  (2"" CED.80)",
TCPVC3/480FG,"TUBO DE CPVC FLOWGUARD DE 019 MM.  (3/4"" CED.80)",
TPVC3/480,"TUBO DE PVC  DE 019 MM.  (3/4"" CED.80)",
TCPVC1/280FG,"TUBO DE CPVC FLOWGUARD DE 013 MM.  (1/2"" CED.80)",
TPVC1/280,"TUBO DE PVC DE 013 MM.  (1/2"" CED.80)",
TPVC11/480,"TUBO DE PVC  DE 032 MM.  (1 1/4"" CED.80)",
TCPVC11/480FG,"TUBO DE CPVC FLOWGUARD DE 032 MM.  (1 1/4"" CED.80)",
TPVC11/440,"TUBO DE PVC  DE 032 MM.  (1 1/4"" CED.40)",
NISC8X2480,"TUBO DE ACERO AL CARBON SIN COSTURA 219.1 X 12.7 MM. (8"" CED. 80)",
"CT6""TP/2""CED.XXS","CORTE EN 6"" P/TUBO DE 2"" CED.XXS S/COSTURA",
"CT6""TP/6""CED.160","CORTE EN 6"" P/TUBO DE 6"" CED.160 S/COSTURA",
"CT6""TP/6""CED.120","CORTE EN 6"" P/TUBO DE 6"" CED.120 S/COSTURA",
TPVC3SC,"TUBO DE PVC DE 075 MM. SAN. CEM.  (3"")",
TPVC16ALCS25,"TUBO ALCANTARILLADO SIST. METRICO SERIE 25 C/CAMP. DE 400 MM (16"")",
TPVC1/2CTS,"TUBO DE CPVC DE 013 MM. CTS (1/2"")",
TSC1660,"TUBO DE ACERO AL CARBON SIN COSTURA 406.4 X 16.6 MM. (16"" CED. 60)",
TCC640ULFM,"TUBO DE ACERO AL CARBON C/ COSTURA DE  (6"" CED.40) UL FM",
TPVC240HID,"TUBO DE PVC DE 051 MM. HID. (2"" CED. 40)",
TPVC3/440HID,"TUBO DE PVC DE 064 MM. HID. (2 1/2"" CED. 40)",
TPVC21/240HID,"TUBO DE PVC DE 064 MM. HID. (2 1/2"" CED.40)",
TPVC05040HID,TUBO DE PVC HID.CED-40 DE 050 MM.,
TSC640TM,"TUBO DE ACERO AL CARBON SIN COSTURA 168.3 X 07.1 MM. (6"" CED 40)",
THDPE2RD7.3,"TUBO DE HDPE DE 051 MM. RD 7.3 (2"")",
TCC30X9.5,"TUBO DE ACERO AL CARBON CON COSTURA DE 762 X 9.5 MM. (30"" CED STD)",
TCC1010RARJA,TUBO DE A/C C/C DE 273.1 X 04.70 MM. ROJA RAN. (10 CED. 10) UL FM,
TCC1040RA,TUBO DE A/C C/C DE 273.1 X 9.27 MM. ROJA RAN. (10 CED. 40) ,
TCC21/2DFRANC,"TUBO DE A/C C/C DE 073.0 MM. CED. 7 RAN. (2 1/2"") DF",
TSC3/4160CH,"TUBO DE ACERO AL CARBON SIN COSTURA 026.7 X 05.6 MM. (3/4"" CED.160)",
TPVC340HID,"TUBO DE PVC DE 075 MM. HID. (3"" CED. 40)",
TCC36X9.5,"TUBO DE ACERO AL CARBON CON COSTURA DE 36""x.375""",
TPVC08040SANN,"TUBO DE PVC SAN. CEM. DE 080 MM. (3"" CED.40)2031329",
TCPVCRD13.5X50FG,TUBO DE CPVC FG RD 13.5 DE 050 MM. 2031523,
TCPVCRD13.5X25FG,TUBO DE CPVC FG RD 13.5 DE 025 MM. 2031523,
TSC3/840CH,"TUBO DE ACERO AL CARBON SIN COSTURA 017.1 X 02.3 MM. (3/8"" CED. 40)",
TSC11/240AI304,"TUBO A/INOX. S/COSTURA T-304 DE 48.3 X 3.6 MM. ( 1 1/2"" CED. 40)",
TSC610AI304,,"TUBO A/INOX. S/COSTURA T-304 DE 168.3 X 3.4 MM. ( 6"" CED. 10)"
TPVC16ALCS20,"TUBO ALCANTARILLADO SIST. METRICO SERIE 20 C/CAMP. DE 400 MM (16"")",
THDPE10RD11,"TUBO DE HDPE DE 254 MM. RD 11 (10"")",
THDPE1/2RD11,"TUBO DE HDPE DE 013 MM. RD 11 (1/2"")",
THDPE3/4RD11,"TUBO DE HDPE DE 019 MM. RD 11 (3/4"")",
THDPE1RD11,"TUBO DE HDPE DE 025 MM. RD 11 (1"")",
THDPE2RD11,"TUBO DE HDPE DE 051 MM. RD 11 (2"")",
THDPE21/2RD11,"TUBO DE HDPE DE 064 MM. RD 11 (2 1/2"")",
THDPE11/2RD11,"TUBO DE HDPE DE 038 MM. RD 11 (1 1/2"")",
TPCS4S35,"TUBO DE POLIETILENO CORRUGADO DE 102 MM. SANIT. SERIE 35 (4"")",
TPVC11/440DWV,"TUBO DE PVC DWV DE 038 MM. ABOC (1 1/4"" CED. 40) 2030230",
TPVC140DWV,"TUBO DE PVC DWV DE 025 MM. ABOC (1"" CED. 40) 2030230",
TSC580TM,"TUBO DE ACERO AL CARBON SIN COSTURA 141.3 X 09.5 MM. (5"" CED. 80)",
TCC1860,"TUBO DE ACERO AL CARBON CON COSTURA DE 457 X 19.05MM. (18"" CED.60)",
TMO1.75C18,TUBO MOFLE CALIBRE 18 45 MM,
TSC11/280AI304,"TUBO A/INOX. S/COSTURA T-304 DE 048.3 X 05.1 MM. (1 1/2"" CED. 80)",
TSC280AI304,"TUBO A/INOX. S/COSTURA T-304 DE 060.3 X 05.5 MM. (2"" CED. 80)",
TSC440AI304,"TUBO A/INOX. S/COSTURA T-304 DE 114.3 X 06.0 MM. (4"" CED. 40)",
TSC480AI304,"TUBO A/INOX. S/COSTURA T-304 DE 114.3 X 08.6 MM. (4"" CED. 80)",
TSC410AI316,"TUBO A/INOX. S/COSTURA T-316 DE 114.3 X 03.05 MM. (4"" CED.10)",
TSC1/280AI316,"TUBO A/INOX. S/COSTURA T-316 DE 021.3 X 03.7 MM. (1/2"" CED 80)",
TSC21/240AI316,"TUBO A/INOX. S/COSTURA T-316 DE 073.0 X 05.2 MM. (21/2"" CED 40)",
TCC1020RAROJA,"TUBO DE A/C C/C DE 273.1 X 06.3 MM. ROJA RAN. (10"" CED. 20)",
TCPVC11/4RD13.5BLZGFE,"TUBO DE CPVC RD 13.5 DE 1-1/4"" H1350150CO1500 ",
TCPVC11/2RD13.5BLZGFE,"TUBO DE CPVC RD 13.5 DE 1-1/2"" H1350150CO1500 ",
TCPVC21/2RD13.5BLZGFE,"TUBO DE CPVC RD 13.5 DE 2-1/2"" H1350250CO1500",
TCPVC3RD13.5BLZGFE,"TUBO DE CPVC RD 13.5 DE 3"" H1350300CO1500 ",
TCPVC2RD13.5BLZ15FTE,"TUBO DE CPVC RD 13.5 DE 2"" 15FT H1350200C01500",
TCC1040NRA,"TUBO DE ACERO AL CARBON CON COSTURA DE 10"" NEGRO RANURADO CED 40",
TCPVC11/480,"TUBO CPVC DE 032 MM. (1 1/4"" CED.80)",
TCPVC480,"TUBO CPVC DE 102 MM. (4"" CED.80)",
TCPVC680,"TUBO CPVC DE 152 MM. (6"" CED.80)",
TCPVC880,"TUBO CPVC DE 203 MM. (8"" CED.80)",
CP10F905E,"COPLE PARA TUBO DE HDPE VICTAULIC FIGURA 905 DE 254 MM. (10"")",
TCC1040AI304,"TUBO A/INOX. C/COSTURA T-304 DE 273.1 X 9.27MM. (10"" CED. 40)",
TSC3/440CH,"TUBO DE ACERO AL CARBON SIN COSTURA DE 26.7 X 2.9 MM.( 3/4"" CED. 40)",
TSC340AI304,"TUBO A/INOX. S/COSTURA T-304 DE 088.9 X 05.5 MM. (3"" CED. 40)",
TSC840AI304,"TUBO A/INOX. S/COSTURA T-304 DE 219.1 X 08.2 MM. (8"" CED. 40)",
TSC3/4XXSP9,"TUBO DE ACERO AL CARBON SIN COSTURA 026.7 X 07.8 MM.  P9  (3/4"" CED. XXS)",
TSC310AI304,"TUBO A/INOX. S/COSTURA T-304 DE 088.9 X 03.0 MM. (3"" CED. 10)",
TCC640UL/FM,"TUBO DE ACERO AL CARBON CON COSTURA DE 6"" CED.40 UL/FM",
TCC840UL/FM,"TUBO DE ACERO AL CARBON CON COSTURA DE 8"" CED.40 UL/FM",
TSC610AI304,"TUBO A/INOX. S/COSTURA T-304 DE 168.3 X 03.4 MM. (6"" CED 10)",
TSC11/2160P11,"TUBO DE A/ALEADO SIN COSTURA 048.3 X 07.1 MM. P11 (1 1/2"" CED. 160)",
TSC8120P11,TUBO DE A/ALEADO SIN COSTURA 219.1 X 18.3 MM. P11 (8 CED. 120),
TCC240TMR,"TUBO DE ACERO AL CARBON CON COSTURA CED. 40 ASTM-A-53 GR. A DE 2"" DE DIAMETRO ROSCADO ",
TPVC240CEM,"TUBO DE PVC 2"" CED-40 CEM IPS",
TPVC340CEM,"TUBO DE PVC 3"" CED-40 CEM IPS",
TSC8160,"TUBO A/CARBON SIN COSTURA DE 8"" C-160",
TSC11/480GL,"TUBO DE ACERO AL CARBON SIN COSTURA DE 042.2 X 04.9 MM. GALV. LISO ( 1 1/4"" CED. 80 ",
TSC240AI304,"TUBO A/INOX. S/COSTURA T-304 DE 060.3 X 03.9 MM. (2"" CED. 40)",
TSC11/480GR,"TUBO DE ACERO AL CARBON SIN COSTURA DE 042.2 X 04.9 MM GALV.ROSC. ( 1 1/4"" CED. 80 )",
TSC1280TMDOBLE,"TRAMO DOBLE DE TUBO DE ACERO AL CARBON SIN COSTURA 323.8 X 17.5 MM. (12"" CED. 80)",
TSC21/280TM1,"TUBO DE ACERO AL CARBON SIN COSTURA ASTM-A-106 GR.B DE 2 1/2"" DE DIAMETRO CED. 80",
TSC380AI304,"TUBO DE ACERO INOXIDABLE SIN COSTURA ASTM A312 TP304 DE 3"" CED.80",
TSC2160AI304,"TUBO A/INOX. S/COSTURA T-304 DE 060.3 X 08.8 MM. (2"" CED. 160)",
TSC640AI304,"TUBO A/INOX. S/COSTURA T-304 DE 168.3 X 07.1 MM. (6"" CED. 40)",
TCC240RAROJA,"TUBO DE ACERO AL CARBON CON COSTURA RANURADA DE 060.3 X 03.9MM. ( 2"" CED 40 ) PINTADA DE ROJO ",
TCC440ROJA,"TUBO DE ACERO AL CARBON CON COSTURA DE 114.3 X 06.0 MM ROJA RANURADA ( 4"" CED 40 )",
TCC440RAROJA,"TUBO DE ACERO AL CARBON CON COSTURA RANURADA DE 114.3 X 06.0MM. ( 4"" CED 40 ) PINTADA DE ROJO ",
TCC640ROJA,"TUBO DE ACERO AL CARBON CON COSTURA DE 168.3 X 07.1 MM ROJA RANURADA ( 6"" CED 40 )",
TCC11/210RJARA,"TUBO DE A/C C/C DE 048.3 X 02.8 MM. ROJA RAN. (1 1/2"" CED. 10)",
TCC21/210RAROJA,"TUBO DE A/C C/C DE 073.3 X 03.0 MM. ROJA RANURADA ( 2 1/2"" CED 10 )",
TCC310RAROJA,"TUBO DE A/C C/C DE 088.9 X 03.0 MM. ROJA RANURADA ( 3"" CED 10 )",
TCC410RAROJA,"TUBO DE A/C C/C DE 114.3 X 03.0 MM. ROJA RANURADA ( 4"" CED 10 )",
TCC610RAROJA,"TUBO DE A/C C/C DE 168.3 X 03.0 MM. ROJA RANURADA ( 6"" CED 10 )",
TCPVC480,"TUBO DE CPVC DE 102 MM.  (4"" CED. 80)",
TCC11/240GL,"TUBO DE ACERO AL CARBON C/C GALV.LISO DE48.3 X 3.7 MM.    ( 1 1/2"" CED. 40 )",
TCPVC1080,"TUBO DE CPVC   (10"" CED. 80)",
TCC240RA,"TUBO DE ACERO AL CARBON CON COSTURA RANURADA DE 060.3 X 03..9MM. ( 2"" CED 40 ) ",
TCC11/240RAROJA,"TUBO DE ACERO AL CARBON CON COSTURA ROJA RANURADA DE 048.3 X03.7 MM. ( 1 1/2"" CED 40 )",
TCC140RAROJA,"TUBO DE ACERO AL CARBON CON COSTURA ROJA RANURADA DE 033.4 X03.4 MM. ( 1"" CED 40 )",
TSC410AI304,"TUBO A/INOX. S/COSTURA T-304 DE 114.3 MM. (4"" CED.10)",
TPVC12C900,"TUBO DE PVC DR14 C900 CEL CE UL/FM 305MM (12"")",
TPVC6X8C7HID,,
,,
TPVC6X10C7HID,"TUBO PVC HID CLASE 7 C/CAMP DE 6M X 10"" ",
TPVC8C900,"TUBO DE PVC C900 CLASE 200 RD 14 FM  8""",
TPVC10C900,"TUBO DE PVC C900 CLASE 200 RD 14 FM 10""",
TCC440ULFM,TUBO DE A/C C/C DE 114.3X 06.0 MM. (4 CED. 40) UL/FM,
TSC8140E,"TUBO DE ACERO AL CARBON SIN COSTURA 219.1 X 20.6 MM. (8"" CED 140)",
TSC10140,"TUBO DE ACERO AL CARBON SIN COSTURA 273.1 X 25.4 MM. (10"" CED 140)",
TSC16140,"TUBO DE ACERO AL CARBON SIN COSTURA 406.4 X 36.5 MM. (16"" CED 140)",
ONE8HD,"ONE LOK SLDE P/TUBO HD SIGMA  8""",
ONE6HD,"ONE LOK SLDE P/TUBO HD SIGMA  6""",
TCC1010RRA,"TUBO DE ACERO AL CARBON CON COSTURA DE 273.1 X 04.19 MM ROJA RAN. (10"" CED. 10) UL/FM",
MRA2A12CG1100,"MAQUINA RANURADORA CG1100 PARA TUBO DE 2 A 12""",
TPCV45MM,TUBO PVC 45MM TELEFONICA GRIS ABOCINADO,
TCC30X.1000,"TUBO DE ACERO CON COSTURA LONG. DE 30"" X .1000"" API 5L GR B PSL1 ",
TCC11/210AI304,"TUBO DE ACERO INOXIDABLE T-304 C/COSTURA DE 11/2"" CED. 10",
TCC21/210RJARA,TUBO DE A/C C/C DE 073.0 X 03.0 MM. ROJA RAN. (2 1/2 CED. 10),
THDPE6RD11FM,"TUBO DE HDPE DE 152 MM. RD 11 (6"") FM",
THDPE2RD11FM,"TUBO DE HDPE DE 051 MM. RD 11 (2"") FM",
THDPE6RD11AZUL,"TUBO DE HDPE DE 152 MM. RD 11 (6"" AZUL) ",
THDPE4RD11LAZUL,"TUBO DE HDPE DE 102 MM. RD 11 (4"" AZUL)",
THDPE3RD11AZUL,"TUBO DE HDPE DE 076 MM. RD 11 (3"" AZUL) ",
THDPE2RD11AZUL,"TUBO DE HDPE DE 051 MM. RD 11 (2"" AZUL)",
THDPE3RD11LVERDE,"TUBO DE HDPE DE 076 MM. RD 11 (3"") LINEA VERDE",
THDPE2RD11LVERDE,"TUBO DE HDPE DE 051 MM. RD 11 (2"") LINEA VERDE",
THDPE11/2RD11LVERDE,"TUBO DE HDPE DE 038MM. RD 11 (1 1/2"") LINEA VERDE",
THDPE3RD11LAMARILLA,"TUBO DE HDPE DE 076 MM. RD 11 (3"") LINEA AMARILLA",
THDPE3/4RD11LAMARILLA,"TUBO DE HDPE DE 019MM. RD 11 (3/4"") LINEA AMARILLA",
TCC210RJARA,"TUBO DE A/C C/C DE 060.3 X 02.8 MM. ROJA RAN. (2"" CED. 10)",
TCC1020RAROJOBER,"TUBO DE ACERO AL CARBON CON COSTURA DE 273.1 X 06.3 MM. RANURADO ROJO BERMELLON (  10"" CED. 20 )",
TCC810RAROJOBER,"TUBO DE ACERO AL CARBON CON COSTURA DE 219.1 X 03.8 MM. RANURADO ROJO BERMELLON (  8"" CED. 10 )",
TCC610RAROJOBER,"TUBO DE ACERO AL CARBON CON COSTURA DE 168.3 X 3.4 MM. RANURADO ROJO BERMELLON (  6"" CED. 10 )",
TCC11/440ULFMROJOBER,"TUBO DE ACERO AL CARBON CON COSTURA UL/FM ROJO BERMELLON DE 42.2 X 3.6 MM.  ( 1 1/4"" CED. 40 )",
TCC240ULFMROJOBER,"TUBO DE ACERO AL CARBON CON COSTURA UL/FM ROJO BERMELLON DE 60.3 X 3.9 MM.  ( 2"" CED. 40 )",
THD8350,"TUBO DE HIERRO DUCTIL AWWA DE 8"" CLASE 350 ",
TSC11/480AI316TM,"COD. ART. R82340002 TUBO A/INOX. S/COSTURA T-316 DE 42.2 X 4.9 MM. (1 1/4"" CED. 80)",
TSC1/240CHTM,"COD. ART. R01040001 TUBO DE ACERO AL CARBON SIN COSTURA 021.3 X 02.8 MM. (1/2"" CED. 40)",
TCC30X1.250,"TUBO DE ACERO AL CARBON CON COSTURA DE 762 MM X 1.250"" ( 30"" )",
T680PVC,"TUBO DE PVC DE 6"" CED. 80",
TC1L,"TUBO DE COBRE  DE 025 MM. TIPO L (1"")",
REST12C900,"RESTRICTOR PARA TUBO PVC C900 CON TUBO PVC C900 UL/FM DE 12""",
ADAP30150B,"ADAPTADOR BRIDADO ACERO 30"" X 1200mm  150 LBS, /COPLE DE TUBO 30""",
ADAP48150B,"ADAPTADOR BRIDADO ACERO 48"" X 1200mm 150 LBS./ ACOPLE DE TUBO 48""",
TPVC6C900ULFM,"TUBO DE PVC DR14 C900 CEL CE UL/FM 150MM ( 6"")",
TCC410RAROJA,"TUBO DE A/C C/C DE 114.3 X 03.0 MM. ROJA RANURADA ( 4"" CED 10 )",
TCC610RAROJA,"TUBO DE A/C C/C DE 168.3 X 03.0 MM. ROJA RANURADA ( 6"" CED 10)",
TCC140RAROJA,"TUBO DE ACERO AL CARBON CON COSTURA ROJA RANURADA DE 033.4 X03.4 MM. ( 1"" CED 40 )",
TCC11/240RAROJA,"TUBO DE ACERO AL CARBON CON COSTURA ROJA RANURADA DE 048.3 X03.7 MM. ( 1 1/2"" CED 40 )",
TCC240RANROJO,"TUBO DE ACERO AL CARBON CON COSTURA ROJO BERM UL/FM DE 60.3 X 3.9 MM.( 2"" CED. 40 )",
TCC21/210RJARA,TUBO DE A/C C/C DE 073.0 X 03.0 MM. ROJA RAN. (2 1/2 CED. 10),
JDR60E38,"JUNTA DRESSER ESTILO 38 PARA TUBO DE 60""",
T160PP-H,TUBO PP-H GRIS SDR11 D160 X14.6 X 5000MM,
T63PP-H,TUBO PP-H GRIS SDR11 D63 X5.8 X 5000MM,
T90PP-H,TUBO PP-H GRIS SDR11 D90 X8.2 X 5000MM,
TCC1010,TUBO DE A/C C/C DE 273.1 X 04.19 MM. (10 CED. 10) UL FM,
TCC1010RA,TUBO DE A/C C/C DE 273.1 X 04.70 MM. ROJA RAN. (10 CED. 10),
TCC11/440RJOR,"TUBO DE ACERO AL CARBON CON COSTURA DE 042.2 X 3.6 MM ROJO ROSC. (1 1/4"" CED-40)",
TCC840RJARAN,"TUBO DE ACERO AL CARBON CON COSTURA DE 219.1 X 08.2 MM. ROJA RAN. (8"" CED. 40) ",
TCC840RAN,"TUBO DE ACERO AL CARBON CON COSTURA DE 219.1 X 08.2 MM. RAN. (8"" CED. 40) ",
TCC110RA,"TUBO DE A/C C/C DE 033.4 X 02.7 MM. RAN. (1"" CED. 10)",
TCC3/410AI304,"TUBO A/INOX. C/COSTURA T-304 DE 026.7 X 02.1 MM. (3/4"" CED 10)",
TALPVC10,"TUBO ALCANTARILLADO PVC SERIE 25 250 MM (10"")",
TALPVC12,"TUBO ALCANTARILLADO PVC SERIE 25 315 MM (12"")",
TSC21/210AI304,"TUBO A/INOX. S/COSTURA T-304 DE 073.0 X 03.5 MM. (2 1/2"" CED. 10)",
TSC410AI304,"TUBO A/INOX. S/COSTURA T-304 DE 114.3 X 03.1 MM. (4"" CED. 10)",
TCC140ROJA,"TUBO DE ACERO AL CARBON CON COSTURA DE 033.4 X 03.4 MM ROJA  ( 1"" CED. 40 )",
TPVC6X4C7HID,"TUBO PVC HID. CLASE 7 C/CAMP DE 6M X4"" ",
T2FOFO,"TUBO 2"" FO. FO. TEP",
T4FOFO,"TUBO 4"" FO. FO. TEP",
TCC11/240ROJA,"TUBO DE ACERO AL CARBON CON COSTURA ROJO BERM UL/FM DE 048.3 X 03.7 MM. ( 1 1/2"" CED 40 )",
TCC140ROJA,"TUBO DE ACERO AL CARBON CON COSTURA ROJO BERM UL/FM DE 033.4 X 03.4 MM. ( 1"" CED 40 )",
TCC21/240GLTM,"TUBO DE ACERO AL CARBON CON COSTURA DE 073.0 X 05.2 MM GALV. LISO 21/2""  EN CED.40",
TCC140ROJAL,"TUBO DE ACERO AL CARBON CON COSTURA ROJA LISA DE 033.4 X03.4 MM. ( 1"" CED 40 )",
TSC1430TM,"TUBO DE ACERO AL CARBON SIN COSTURA 355.6 X 09.6 MM. (14"" CED. 30)",
THDPE1RD9AZUL,TUBO DE HDPE DE 025 MM. RD 9 4710 (1''  AZUL),
THDPE11/2RD9AZUL,TUBO DE HDPE DE 038 MM. RD 9 4710 (1 1/2''  AZUL),
TSC11/480CHTM,"COD. ART. R03070003 TUBO DE ACERO AL CARBON SIN COSTURA 042.2 X 04.9 MM. (1 1/4"" CED. 80)",
TSC880AI304,"TUBO DE ACERO INOXIDABLE SIN COSTURA ASTM A312 TP304L (8"" CED 80)",
TCC310LTM,"TUBO DE A/C C/C DE 088.9 X 03.0 MM. LISO NEGRO UL/FM(3"" CED 10"")",
TCC410LTM,"TUBO DE A/C C/C DE 102 X 03.0 MM. LISO NEGRO UL/FM(4"" CED 10)",
TCC11/410RJARA,"TUBO DE A/C C/C DE 042.2 X 02.8 MM. ROJA RAN. (1 1/4"" CED. 10)",
TCC410RANROJO,"TUBO DE A/C C/C DE 114.3 X 03.0MM RANURADO ROJO BERMELLON ( 4"" CED. 10)",
TPVC2SANIT,"TUBO DE PVC  DE 52 MM. SANIT. (2"")",
THDPE6RD13.5,"TUBO DE POLIETILENO A.D. RD-17 DE 152 MM HDPE (6"")",
TCC210RJARATM,"TUBO DE A/C C/C DE 060.3 X 02.8 MM. ROJA RAN. (2"" CED. 10)",
TCC21/210RJARATM,TUBO DE A/C C/C DE 073.0 X 03.0 MM. ROJA RAN. (2 1/2 CED. 10),
TCC310RJARATMLYP,TUBO DE A/C C/C DE 088.9 X 03.0 MM. ROJA RAN. (3 CED. 10),
TCC410RJARATMLYP,"TUBO DE A/C C/C DE 114.3 X 03.0 MM. ROJA RAN. (4"" CED. 10)",
TPVC1080,"TUBO 10"" PVC CED 80",
TPVC680,"TUBO 6"" PVC CED 80",
TPVC21/280,"TUBO 2 1/2"" PVC CED 80",
TPVC380,"TUBO 3"" PVC CED 80",
TCC3/480TMK,"COD. ART. R03050003 TUBO DE ACERO AL CARBON CON COSTURA CED. 80 ASTM-A-53 Gr. A DE 3/4"" DE DIAMETRO",
TCC310E,"TUBO DE A/C C/C DE 088.9 X 03.0 MM. LISO (3"" CED. 10)",
T1/2LVERDEROS,"TUBO PP LINEA VERDE ROSCADO MAX  DE 1/2"" ",
TSC1/240ROSBER,"TUBO DE ACERO AL CARBON SIN COSTURA DE 021.3 X 02.8 MM ROSCADO Y PINTADO ROJO BERMELLON (1/2"" CED-40)",
TSC3/440ROSBER,"TUBO DE ACERO AL CARBON SIN COSTURA DE 026.7 X 02.9 MM ROSCADO Y PINTADO ROJO BERMELLON (3/4"" CED-40)",
TSC140ROSBER,"TUBO DE ACERO AL CARBON SIN COSTURA DE 033.4 X 03.4 MM ROSCADO Y PINTADO ROJO BERMELLON (1"" CED-40)",
TSC11/440ROSBER,"TUBO DE ACERO AL CARBON SIN COSTURA DE 042.2 X 03.6 MM ROSCADO Y PINTADO ROJO BERMELLON (1 1/4"" CED-40)",
TSC11/240ROSBER,"TUBO DE ACERO AL CARBON SIN COSTURA DE 048.3 X 03.7 MM ROSCADO Y PINTADO ROJO BERMELLON (1 1/2"" CED-40)",
TSC240ROSBER,"TUBO DE ACERO AL CARBON SIN COSTURA DE 060.3 X 03.9 MM ROSCADO Y PINTADO ROJO BERMELLON (2"" CED-40)",
TSC3/440GLTM,"COD. ART. R01920001 TUBO DE ACERO SIN COSTURA GALV. LISO DE 26.7 X 2.9 MM. ( 3/4"" CED. 40 )",
TSC1/240LBER,"TUBO DE ACERO AL CARBON SIN COSTURA DE 021.3 X 02.8 MM EXT. LISOS Y PINTADO  ROJO BERMELLON (1/2"" CED-40) ",
TSC3/440LBER,"TUBO DE ACERO AL CARBON SIN COSTURA DE 026.7 X 02.9 MM EXT. LISOS Y PINTADO ROJO BERMELLON (3/4"" CED-40)",
TSC140LBER,"TUBO DE ACERO AL CARBON SIN COSTURA DE 033.4 X 03.4 MM EXT. LISOS Y PINTADO ROJO BERMELLON (1"" CED-40)",
TSC11/440LBER,"TUBO DE ACERO AL CARBON SIN COSTURA DE 042.2 X 03.6 MM EXT. LISOS Y PINTADO ROJO BERMELLON (1 1/4"" CED-40)",
TSC11/240LBER,"TUBO DE ACERO AL CARBON SIN COSTURA DE 048.3 X 03.7 MM EXT. LISOS Y PINTADO ROJO BERMELLON (1 1/2"" CED-40)",
TSC240LBER,"TUBO DE ACERO AL CARBON SIN COSTURA DE 060.3 X 03.9 MM EXT. LISOS Y PINTADO ROJO BERMELLON (2"" CED-40)",
TCC140RROJA,"TUBO AC C/COST CED. 40 UL/FM ROJO ROSC.  1""",
COM32MMTP,CONECTOR MACHO DE 32MM TUBO PLUS,
T8PVCCEM,"TUBO PVC SANITARIO CEM  8""",
TCC210RJARAE,"TUBO DE A/C C/C DE 060.3 X 02.8 MM. ROJA RAN (2"" CED. 10)",
TCC310RAE,"TUBO DE A/C C/C DE 088.9 X 03.0 MM. ROJA RANURADA ( 3"" CED 10)",
TCC410RAE,"TUBO DE A/C C/C DE 114.3 X 03.0 MM. ROJA RANURADA ( 4"" CED 10)",
T1/2PPRTBP,"TUBO PPR CLASE 16 20MM TUBOPLUS  1/2""",
T21/2PPRTBP,"TUBO PPR CLASE 16 75MM TUBOPLUS  2 1/2""",
THDPE4RD11FM,"TUBO DE HDPE DE 102 MM. RD 11 4710 (4"")",
THDPE6RD11FM,"TUBO DE HDPE DE 152 MM. RD 11 4710 (6"")",
T3/4PPRTBP,"TUBO PPR CLASE 16  25MM TUBOPLUS  3/4""",
T1PPRTBP,"TUBO PPR CLASE 16  32MM TUBOPLUS  1""",
T11/2PPRTBP,"TUBO PPR CLASE 16  40MM TUBOPLUS  11/2""",
T11/2PPRTBP,"TUBO PPR CLASE 16  40MM TUBOPLUS  11/2""",
T12PPRTBP,"TUBO PPR CLASE 16  50MM TUBOPLUS  2""",
T121/2PPRTBP,"TUBO PPR CLASE 16  63MM TUBOPLUS  21/2""",
TCC440A500,"TUBO DE ACERO AL CARBON CON COSTURA A500 114.3 X 06.0 MM (4"" CED 40)",
C32MMX45OTP,"CODO 45 DE 32MM TUBO PLUS 1""",
DMH20MM,DADOS M.H. DE 20 MM TUBO PLUS ,
DMH25MM,DADOS M.H. DE 25 MM TUBO PLUS ,
TPE47102RD9,"TUBO PE4710 FM CL250 RD9 2"" LISA/NEG/ROJA",
TSC14X12.7TM,"TUBO DE ACERO AL CARBON SIN COSTURA 355.6 X 12.7 MM. (14"" X 1/2"")",
TSC480GR,"TUBO DE ACERO AL CARBON SIN COSTURA ROSC. GALV. (4"" CED. 80)",
TPVC21/2CED40TR,"TUBO DE PVC HID. DE 064 MM.  ( 2 1/2"" CED. 40 )",
T1280PVC,"TUBO PVC HIDRAULICO CED. 80 DE 305 MM ( 12"" )",
T1080PVC,"TUBO PVC HIDRAULICO CED. 80 DE 254 MM ( 10"" )",
TSC440RUM,"TUBO DE ACERO AL CARBON SIN COSTURA 114.3 X 06.0 MM. (4"" CED. 40)",
TCC21/240RRJA,"TUBO A/C CON COSTURA ROJA RANURADA DE 73.0 X 05.2 MM (2 1/2"" CED-40)",
R75X63MMTP,"REDUCCION 75 X 63MM TUBO PLUS  3"" X  2 1/2""",
TCPVC1BLAZE,"TUBO DE CPVC DE 025 MM. BLAZE (1"")",
TC3/8L,"TUBO DE COBRE  DE 010 MM. TIPO L (3/8"")",
TC11/4L,"TUBO DE COBRE  DE 032 MM. TIPO L (11/4"")",
TC11/2L,"TUBO DE COBRE  DE 038 MM. TIPO L (11/2"")",
C2090ORHTPLUS,"CODO 90 ROSCA HEMBRA 20 X 1/2"" TUBO PLUS",
TSC11/240GL,"TUBO DE ACERO AL CARBON SIN COSTURA 048.3 X 03.7 MM. GALV. LISO (1 1/2"" CED. 40)",
TSC11/440GL,"TUBO DE ACERO AL CARBON SIN COSTURA 042.2 X 03.6 MM. GALV. LISO (1 1/4"" CED. 40)",
TSC140GL,"TUBO DE ACERO AL CARBON SIN COSTURA 033.4 X 03.4 MM. GALV. LISO (1"" CED. 40)",
TSC1/240GL,"TUBO DE ACERO AL CARBON SIN COSTURA 021.3 X 02.8 MM. GALV. LISO (1/2"" CED. 40)",
TSC4XXS,"TUBO DE ACERO AL CARBON SIN COSTURA 114.3 X 17.1 MM. (4"" CED. XXS)",
TPVC2FC,"TUBO DE PVC DE 051 MM. FC (2"")",
TPVC4FC,"TUBO DE PVC DE 102 MM. FC (4"")",
TPVC6FC,"TUBO DE PVC DE 152 MM. FC (6"")",
TPVC11/2FC,"TUBO DE PVC DE 038 MM. FC (1 1/2"")",
TCC110RJARA,"TUBO DE A/C C/C DE 033.4 X 02.7 MM. ROJA RAN. (1"" CED. 10)",
CP50MMTPLUS,COPLE 50MM TUBO PLUS,
CP63MMTPLUS,COPLE 63MM TUBO PLUS,
CP40MMTPLUS,COPLE 40MM TUBO PLUS,
TCC340A500,"TUBO AC A/C ASTM A500 GR.B CED. 40 GALV. DE 3""",
TCC21/240A500,"TUBO AC A/C ASTM A500 GR.B CED. 40 GALV. DE 2 1/2""",
TCC240A500,"TUBO AC A/C ASTM A500 GR.B CED. 40 GALV. DE 2""",
TCC11/240A500,"TUBO AC A/C ASTM A500 GR.B CED. 40 GALV. DE 1 1/2""",
THDPE2RD11RJA,"TUBO DE HDPE DE 051 MM. RD 11 (2"" ROJA)",
THDPE3RD11RJA,"TUBO DE HDPE DE 076 MM. RD 11 (3"" ROJA) ",
THDPE4RD11LRJA,"TUBO DE HDPE DE 102 MM. RD 11 (4"" ROJA)",
THDPE6RD11RJA,"TUBO DE HDPE DE 152 MM. RD 11 (6"" ROJA)",
TSC840RUM,"TUBO DE ACERO AL CARBON SIN COSTURA 219.1 X 08.2 MM. (8"" CED. 40)",
TSC1/240GLE,"TUBO DE A/C SIN COSTURA 021.3 X 02.8 MM. GALV. ELECT. LISO (1/2"" CED-40)",
T3PPRTBP,"TUBO PPR CLASE 16 90MM TUBOPLUS 3""",
THDPE3RD11FM,"TUBO DE HDPE RD-11 DE 076 MM. (3"") FM",
TCC1220RJAR,"TUBO DE ACERO AL CARBON C/C DE 324 X 06.3 MM. ROJA RAN. (12"" CED-20)",
TCC34X12.7,"TUBO DE ACERO AL CARBON API5L C/C DE 914 X 12.7 MM. (34"" CED. XS)",
TSC30STD,"TUBO A/C CED-STD C/COST. DE 30"" API 5L GR.B PSL1",
T110MMPPRTBP,"TUBO PPR CLASE 16 110MM TUBOPLUS 4""",
TCC11/440RJARATM,"TUBO DE A/C C/C DE 060.3 X 02.8 MM. ROJA RAN. (2"" CED. 10)",
TCC240RJARATM,"TUBO DE ACERO AL CARBON C/COSTURA. ROJA RAN. (1"" CED. 40)",
TCC1220RARJA,"TUBO DE ACERO AL CARBON C/C ROJA RAN. DE 324 X 06.3 MM. (12"" CED. 20)",
TSC480GL,"TUBO DE ACERO AL CARBON SIN COSTURA 114.3 X 08.6 MM. GALV. LISO (4"" CED. 80)",
TCC640A500,"TUBO DE ACERO AL CARBON CON COSTURA DE 168.3 X 07.1 MM A-500 (6"" CED-40)",
TSC240GR,"TUBO DE ACERO AL CARBON SIN COSTURA 060.3 X 03.9 MM. GALV. ROSC. (2"" CED.40)",
TSC11/440GR,"TUBO DE ACERO AL CARBON SIN COSTURA 042.2 X 03.6 MM. GALV. ROSC. (1 1/4"" CED. 40)",
TSC3/440GR,"TUBO DE ACERO AL CARBON SIN COSTURA 026.7 X 02.9 MM. GALV. ROSC. (3/4"" CED. 40)",
TCC640AI304,"TUBO A/INOX. C/COSTURA T-304 DE 168.3 X 07.1 MM. (6"" CED. 40)",
TCC140ULFML,"TUBO DE A/C C/C DE 033.4 X 04.55 MM. (1"" CED. 40) UL FM",
TCC11/440ULFML,TUBO DE A/C C/C DE 042.2 X 03.56 MM. (1 1/4 CED. 40) UL/FM,
TCC21/210LTM,"TUBO DE A/C C/C DE 073.0 X 03.0 MM. LISO (2 1/2"" CED. 10)",
TCC230,"TUBO NEGRO CON COSTURA ESPECIAL CED-30 DE 2 1/2""",
TCC610RJARATME,"TUBO DE A/C C/C DE 168.3 X 03.4 MM. ROJA RAN. (6"" CED. 10)",
TCC810RJARATME,"TUBO DE A/C C/C DE 219.1 X 04.7 MM. RAN. (8"" CED. 10) ",
TCC1010RARJATME,TUBO DE A/C C/C DE 273.1 X 04.70 MM. ROJA RAN. (10 CED. 10),
TCC11/240TM2,"COD. ART. R01080001 TUBO DE ACERO AL CARBON CON COSTURA CED.40 ASTM A-53 GR.A DE 1 1/2"" DE DIAM.",
TSC30X12.7,"TUBO DE ACERO AL CARBON SIN COSTURA DE 762 X 12.7 MM. (30"" CED. 20)",
TCC36X1/2,"TUBO DE ACERO AL CARBON CON COSTURA DE 36""x .500"" (36"" CED. 20)",
AD10MJXB,"ADAPTADOR PARA TUBO DE BRIDA X MJ DE 254 MM. (10"")",
THD10350,"TUBO DE HIERRO DUCTIL AWWA DE 10"" CLASE 350",
TSC1/280AI304TM,"TUBO A/INOX. S/COSTURA T-304 DE 21.3 X 3.73 MM. (1/2"" CED. 80)",
T1440PVC,"TUBO PVC HIDRAULICO CED. 40 DE 355 MM ( 14"" )",
T3PPRAZUL,"TUBO PPR CLASE  90MM TUBOPLUS  AZUL 3""",
CP3TPAZUL,"COPLE PPR 90MM TUBO PLUS AZUL 3""",
T1PPRAZUL,"TUBO PPR CLASE  32MM TUBOPLUS  AZUL 1""",
TPVC4RD14C900,"TUBO DE PVC DE 102 MM. C900 (4"" RD 14)",
TSC1240AI304,"TUBO A/INOX. T304L CED-40 DE 12"" S/COSTURA",
TPVC3/440HID,"TUBO PVC HIDRAULICO CED. 40 DE 3/4""",
DMH32MM,DADOS M.H. DE 32 MM TUBO PLUS,
DMH40MM,DADOS M.H. DE 40 MM TUBO PLUS,
TPCSAN12,"TUBO DE POLIETILENO CORRUGADO  SANITARIO  DE 305MM (12"")",
TPCSAN18,"TUBO DE POLIETILENO CORRUGADO  SANITARIO  DE 457MM (18"")",
TCC1020GR.B,"TUBO EN ACERO A/C ASTM A53-B, C/COST. (ERW) CED. 20 DE 10""",
TCC1220GR.B,"TUBO EN ACERO A/C ASTM A53-B, C/COST. (ERW) CED. 20 DE 12""",
TCC1420GR.B,"TUBO EN ACERO A/C ASTM A53-B, C/COST. (ERW) CED. 20 DE 14""",
TPPR63,TUBO DE POLIPROPILENO PLUS DE 063 MM.,
TC1/2L,"TUBO DE COBRE DE 013 MM TIPO L (1/2"")",
TCPVC180,"TUBO CPVC DE 025 MM. (1"" CED.80)",
TSC1/240AI304,"TUBO A/INOX. S/COSTURA T-304 DE 21.3 X 2.77 MM (1/2"" CED 40)",
TPVC12C5HID,"TUBO PVC HID. CLASE 5 C/A DE 315 MM ( 12"" )",
TSC640PSL2X52,"TUBO DE ACERO AL CARBON SIN COSTURA 168.3 X 0.71 MM. PSL2 X52 (6"" CED-40)",
TSC680PSL2X52,"TUBO DE ACERO AL CARBON SIN COSTURA 168.3 X 11.0 MM. PSL2 X52 (6"" CED-80)",
TSC440PSL2X52,"TUBO DE ACERO AL CARBON SIN COSTURA 114.3 X 6.02 MM. PSL2 X52 (4"" CED-40)",
TCC21/210AI304,"TUBO A/INOX. T304L CED-10 DE C/COST. DE 2 1/2""",
TCC610AI304,"TUBO A/INOX. T304L CED-10 DE C/COST. DE 6""",
TCC140AI304,"TUBO A/INOX. T304L CED-40 DE C/COST. DE 1""",
TCC1/240AI304,"TUBO A/INOX. C/COSTURA T-304 DE 021.3 X 02.8 MM. (1/2"" CED. 40)",
TCC240AI304,"TUBO A/INOX. C/COSTURA T-304 DE 060.3 X 03.9 MM. (2"" CED. 40)",
DMH50MM,DADOS M.H. DE 50 MM TUBO PLUS,
DMH63MM,DADOS M.H. DE 63 MM TUBO PLUS,
DMH75MM,DADOS M.H. DE 75 MM TUBO PLUS,
DMH90MM,DADOS M.H. DE 90 MM TUBO PLUS,
TCC11/2REPVC,"TUBO CONDUIT DE 048 MM. REC. PVC (1 1/2"") DOMEX",
CP90MMTPLUS,COPLE 90MM TUBO PLUS,
CP110MMTPLUS,COPLE 110MM TUBO PLUS,
TPPR90,TUBO DE POLIPROPILENO PLUS DE 090 MM.,
TPPR110,TUBO DE POLIPROPILENO PLUS DE 110 MM.,
TPVC180HID,"TUBO DE PVC DE 025 MM. HID. (1"" CED. 80)",
CP63MMTPLUS,COPLE 63MM TUBO PLUS,
TPVC8SANIT,"TUBO DE PVC  DE 203 MM. SANIT. (8"")",